city,state,country,population
London,Greater London,United Kingdom,8825001
Birmingham,West Midlands,United Kingdom,1137100
Newcastle,North East,United Kingdom,879996
Leeds,West Yorkshire,United Kingdom,789194
Glasgow,Alba / Scotland,United Kingdom,633120
Manchester,Greater Manchester,United Kingdom,547627
Sheffield,South Yorkshire,United Kingdom,518090
Liverpool,Liverpool City Region,United Kingdom,513441
Edinburgh,City of Edinburgh,United Kingdom,488050
Bristol,West of England,United Kingdom,463400
Coventry,West Midlands,United Kingdom,362690
Caerdydd,Cymru / Wales,United Kingdom,361469
Belfast,County Antrim,United Kingdom,333871
Leicester,England,United Kingdom,329839
Nottingham,East Midlands,United Kingdom,321500
Southampton,Southampton,United Kingdom,269781
Plymouth,Devon,United Kingdom,267918
Kingston upon Hull,England,United Kingdom,260200
Wolverhampton,West Midlands,United Kingdom,250970
Stoke-on-Trent,Stoke-on-Trent,United Kingdom,249008
Derby,East Midlands,United Kingdom,248700
Abertawe,Cymru / Wales,United Kingdom,245508
Portsmouth,Portsmouth,United Kingdom,238800
Reading,Oxfordshire,United Kingdom,230046
Luton,Luton,United Kingdom,213052
Milton Keynes,City of Milton Keynes,United Kingdom,207057
Islington,England,United Kingdom,206125
Norwich,Norfolk,United Kingdom,195971
Swindon,Wiltshire,United Kingdom,192599
Croydon,England,United Kingdom,192064
Basildon,Essex,United Kingdom,185900
Bournemouth,England,United Kingdom,183491
Ipswich,Suffolk,United Kingdom,180000
Sunderland,North East,United Kingdom,174286
Warrington,Warrington,United Kingdom,165456
Huddersfield,England,United Kingdom,162949
York,York and North Yorkshire,United Kingdom,153717
Oxford,Oxfordshire,United Kingdom,152000
Harrow,Greater London,United Kingdom,149246
Dundee,Alba / Scotland,United Kingdom,148270
Middlesbrough,Tees Valley,United Kingdom,140545
Blackpool,England,United Kingdom,139305
Brighton,England,United Kingdom,134293
Enfield,England,United Kingdom,132640
Tottenham,England,United Kingdom,129237
Bolton,Greater Manchester,United Kingdom,128139
Newport,Newport,United Kingdom,128060
Exeter,Devon,United Kingdom,124180
Solihull,West Midlands,United Kingdom,123187
Romford,England,United Kingdom,122854
Preston,Lancashire,United Kingdom,122719
High Wycombe,Buckinghamshire,United Kingdom,120256
Cheltenham,Gloucestershire,United Kingdom,116447
Colchester,Essex,United Kingdom,111921
Chelmsford,Essex,United Kingdom,111511
Doncaster,South Yorkshire,United Kingdom,109805
Walthamstow,England,United Kingdom,109424
Worthing,West Sussex,United Kingdom,109120
Maidstone,Kent,United Kingdom,107627
Basingstoke,England,United Kingdom,107355
Crawley,West Sussex,United Kingdom,106597
Stockport,Greater Manchester,United Kingdom,105878
Salford,Greater Manchester,United Kingdom,103886
Wigan,Greater Manchester,United Kingdom,103608
Hounslow,England,United Kingdom,103337
Eastbourne,East Sussex,United Kingdom,101547
Worcester,Worcestershire,United Kingdom,101328
Wakefield,West Yorkshire,United Kingdom,99251
Lincoln,Lincolnshire,United Kingdom,97541
Oldham,Greater Manchester,United Kingdom,96555
Hemel Hempstead,England,United Kingdom,94932
Bedford,England,United Kingdom,92407
Barnsley,South Yorkshire,United Kingdom,91297
Southport,England,United Kingdom,90381
Watford,Hertfordshire,United Kingdom,90301
Wembley,England,United Kingdom,90045
Bath,West of England,United Kingdom,88859
Hartlepool,England,United Kingdom,88855
Birkenhead,England,United Kingdom,88818
Grimsby,England,United Kingdom,88243
Halifax,England,United Kingdom,88134
Nuneaton,England,United Kingdom,86552
Derry,Northern Ireland / Tuaisceart Éireann,United Kingdom,85016
Ealing,England,United Kingdom,85014
Saint Albans,Hertfordshire,United Kingdom,82146
Chester,England,United Kingdom,79645
Dudley,West Midlands,United Kingdom,79379
Bury,Greater Manchester,United Kingdom,78723
Brixton,England,United Kingdom,78536
Mansfield,East Midlands,United Kingdom,77551
Paisley,Alba / Scotland,United Kingdom,77220
Guildford,Surrey,United Kingdom,77057
South Shields,England,United Kingdom,75337
Carlisle,Cumberland,United Kingdom,75306
East Kilbride,Alba / Scotland,United Kingdom,75120
Harrogate,England,United Kingdom,73576
Burnley,Lancashire,United Kingdom,73021
Burton upon Trent,England,United Kingdom,72299
Lisburn,Northern Ireland / Tuaisceart Éireann,United Kingdom,71465
Lowestoft,Suffolk,United Kingdom,70945
Rugby,Warwickshire,United Kingdom,70627
Wimbledon,England,United Kingdom,68187
Walsall,West Midlands,United Kingdom,67594
Ashford,Kent,United Kingdom,67528
Washington,England,United Kingdom,67085
Chingford,Greater London,United Kingdom,66211
Torquay,England,United Kingdom,65245
Feltham,England,United Kingdom,63368
Stourbridge,England,United Kingdom,63298
Rochester,Kent,United Kingdom,62982
Woking,Surrey,United Kingdom,62796
Wandsworth,England,United Kingdom,61594
Widnes,Liverpool City Region,United Kingdom,61464
Bangor,Northern Ireland / Tuaisceart Éireann,United Kingdom,61011
Wallasey,England,United Kingdom,60284
Barking,England,United Kingdom,59068
Aylesbury,Buckinghamshire,United Kingdom,58740
Halesowen,England,United Kingdom,58135
Royal Tunbridge Wells,England,United Kingdom,57772
Kettering,North Northamptonshire,United Kingdom,56226
Hereford,Herefordshire,United Kingdom,55955
Corby,North Northamptonshire,United Kingdom,54927
Canterbury,Kent,United Kingdom,54880
Keighley,West Yorkshire,United Kingdom,53331
Dunfermline,Fife,United Kingdom,53100
Hendon,England,United Kingdom,52972
Brentwood,Essex,United Kingdom,52586
Lancaster,Lancashire,United Kingdom,52234
Macclesfield,Cheshire East,United Kingdom,51482
Horsham,West Sussex,United Kingdom,50934
Clacton-on-Sea,England,United Kingdom,50548
Crosby,England,United Kingdom,50044
Batley,England,United Kingdom,49448
Wellingborough,England,United Kingdom,49128
Eltham,England,United Kingdom,48964
Morden,England,United Kingdom,48233
Durham,North East,United Kingdom,48069
Beckenham,England,United Kingdom,46844
Wokingham,Berkshire,United Kingdom,46745
Folkestone,Kent,United Kingdom,46698
Welwyn Garden City,England,United Kingdom,46619
Ayr,Alba / Scotland,United Kingdom,46490
Kilmarnock,Alba / Scotland,United Kingdom,46450
Hinckley,England,United Kingdom,45249
Yeovil,Somerset,United Kingdom,45000
Catford,England,United Kingdom,44905
Wallsend,England,United Kingdom,43826
Kingston upon Thames,England,United Kingdom,43013
Middleton,England,United Kingdom,42972
Greenock,Alba / Scotland,United Kingdom,41990
Worksop,England,United Kingdom,41820
Kirkby,Liverpool City Region,United Kingdom,40472
Salisbury,Wiltshire,United Kingdom,40302
Hatfield,Hertfordshire,United Kingdom,39201
Great Yarmouth,Norfolk,United Kingdom,38693
Herne Bay,Kent,United Kingdom,38385
Camberley,England,United Kingdom,38038
Blyth,North East,United Kingdom,37339
Whitley Bay,England,United Kingdom,36623
Airdrie,Alba / Scotland,United Kingdom,36620
Grays,England,United Kingdom,36601
Accrington,England,United Kingdom,35456
Falkirk,Alba / Scotland,United Kingdom,35168
Billingham,Tees Valley,United Kingdom,35165
Chorley,Lancashire,United Kingdom,34667
Grantham,Lincolnshire,United Kingdom,34592
North Shields,England,United Kingdom,34423
Irvine,Alba / Scotland,United Kingdom,33698
Abingdon,England,United Kingdom,33130
Pontypridd,Rhondda Cynon Taf,United Kingdom,32694
Stroud,Gloucestershire,United Kingdom,32670
Windsor,England,United Kingdom,32184
Ryde,Isle of Wight,United Kingdom,32072
Bexleyheath,England,United Kingdom,31929
Prestwich,England,United Kingdom,31693
Pinner,England,United Kingdom,31130
Loughton,Essex,United Kingdom,31106
Dover,Kent,United Kingdom,31022
Sevenoaks,Kent,United Kingdom,29506
Cannock,England,United Kingdom,29018
Kendal,Westmorland and Furness,United Kingdom,28586
Bearsden,Alba / Scotland,United Kingdom,28120
Billericay,Essex,United Kingdom,27998
Ashford,Kent,United Kingdom,27382
Chichester,West Sussex,United Kingdom,26795
Hertford,Hertfordshire,United Kingdom,26783
East Grinstead,West Sussex,United Kingdom,26383
Fleetwood,Lancashire,United Kingdom,25939
Bushey,England,United Kingdom,25763
Wilmslow,Cheshire East,United Kingdom,24497
Rickmansworth,England,United Kingdom,23973
Newport,Newport,United Kingdom,23957
Stanmore,England,United Kingdom,23700
Marple,England,United Kingdom,23687
Bishopbriggs,Alba / Scotland,United Kingdom,23540
Penarth,Vale of Glamorgan,United Kingdom,22083
Reigate,England,United Kingdom,21820
Godalming,Surrey,United Kingdom,21804
Falmouth,Cornwall,United Kingdom,21797
Penzance,Cornwall,United Kingdom,21200
Wallington,England,United Kingdom,20850
Ripley,Surrey,United Kingdom,20807
Sandhurst,Berkshire,United Kingdom,20803
Leek,Staffordshire,United Kingdom,20768
Llandudno,Cymru / Wales,United Kingdom,20701
Dumbarton,Alba / Scotland,United Kingdom,20527
Rothwell,England,United Kingdom,20354
Newquay,Cornwall,United Kingdom,20342
Bellshill,Alba / Scotland,United Kingdom,20290
Davyhulme,England,United Kingdom,19634
Staines-upon-Thames,Surrey,United Kingdom,18484
Sleaford,Lincolnshire,United Kingdom,17671
Moreton,Essex,United Kingdom,17670
Haslemere,Surrey,United Kingdom,16826
Hatfield,Hertfordshire,United Kingdom,16776
Grangemouth,Alba / Scotland,United Kingdom,16650
Bangor,Northern Ireland / Tuaisceart Éireann,United Kingdom,16358
East Finchley,England,United Kingdom,15989
Chertsey,Surrey,United Kingdom,15967
Bingley,West Yorkshire,United Kingdom,15925
Lymington,England,United Kingdom,15726
Porthcawl,Cymru / Wales,United Kingdom,15640
Oswestry,England,United Kingdom,15613
Weybridge,Surrey,United Kingdom,15449
Perivale,England,United Kingdom,15339
Tredegar,Cymru / Wales,United Kingdom,15103
Teignmouth,Devon,United Kingdom,14749
Otley,West Yorkshire,United Kingdom,13668
Bridport,Dorset,United Kingdom,13569
Whitby,York and North Yorkshire,United Kingdom,13213
Hersham,England,United Kingdom,12414
New Mills,East Midlands,United Kingdom,12291
Aberystwyth,Cymru / Wales,United Kingdom,12250
Bridgnorth,England,United Kingdom,12079
Hackney,England,United Kingdom,11734
Newport,Newport,United Kingdom,11387
Epping,Essex,United Kingdom,11047
Tavistock,Devon,United Kingdom,11018
Highgate,England,United Kingdom,10955
Flixton,England,United Kingdom,10786
Hatch End,England,United Kingdom,10693
Abergele,Cymru / Wales,United Kingdom,10577
Castleton,East Midlands,United Kingdom,10159
Beccles,Suffolk,United Kingdom,10123
Mold,Cymru / Wales,United Kingdom,10058
Handsworth,England,United Kingdom,9957
Stocksbridge,South Yorkshire,United Kingdom,9869
Kilsyth,Alba / Scotland,United Kingdom,9860
Kippax,West Yorkshire,United Kingdom,9785
Lambeth,England,United Kingdom,9675
Matlock,England,United Kingdom,9543
Bradford-on-Avon,Wiltshire,United Kingdom,9402
Bude,England,United Kingdom,9222
Ferryhill,England,United Kingdom,8942
Glastonbury,Somerset,United Kingdom,8932
Skewen,Cymru / Wales,United Kingdom,8500
Blackwood,Caerphilly,United Kingdom,8496
Cinderford,Gloucestershire,United Kingdom,8494
Egremont,Cumberland,United Kingdom,8194
Totnes,Devon,United Kingdom,8076
Woodbridge,Suffolk,United Kingdom,7749
Tenterden,Kent,United Kingdom,7735
Rothwell,England,United Kingdom,7694
Kingsbury,England,United Kingdom,7652
Wivenhoe,Essex,United Kingdom,7637
Chobham,Surrey,United Kingdom,7456
Esher,Surrey,United Kingdom,6743
Battle,East Sussex,United Kingdom,6673
Anstey,Leicestershire,United Kingdom,6528
Wimborne Minster,Dorset,United Kingdom,6418
Ventnor,Isle of Wight,United Kingdom,5976
Saltburn-by-the-Sea,England,United Kingdom,5958
Selkirk,Alba / Scotland,United Kingdom,5784
Hoylake,England,United Kingdom,5710
Holmes Chapel,Cheshire East,United Kingdom,5605
Great Bookham,England,United Kingdom,5596
Brynmawr,Cymru / Wales,United Kingdom,5530
Newent,Gloucestershire,United Kingdom,5207
Whiston,Liverpool City Region,United Kingdom,5042
Marston Green,England,United Kingdom,5000
Broseley,England,United Kingdom,4929
Bethesda,Cymru / Wales,United Kingdom,4735
Cowbridge,Cymru / Wales,United Kingdom,4063
Melton,Suffolk,United Kingdom,3741
Water Orton,England,United Kingdom,3444
Menai Bridge,Cymru / Wales,United Kingdom,3376
Cuckfield,West Sussex,United Kingdom,3266
Preston,Lancashire,United Kingdom,3258
Icklesham,East Sussex,United Kingdom,2751
Meriden,West Midlands,United Kingdom,2719
Ironbridge,Shropshire,United Kingdom,2582
New York,New York,United States,18713220
Los Angeles,California,United States,12750807
Chicago,Illinois,United States,8604203
Miami,Florida,United States,6445545
Dallas,Texas,United States,5743938
Philadelphia,Pennsylvania,United States,5649300
Houston,Texas,United States,5464251
Atlanta,Georgia,United States,5449398
Washington,District of Columbia,United States,5379184
Boston,Massachusetts,United States,4688346
Phoenix,Arizona,United States,4219697
Seattle,Washington,United States,3789215
San Francisco,California,United States,3592294
Detroit,Michigan,United States,3506126
San Diego,California,United States,3220118
Minneapolis,Minnesota,United States,2977172
Tampa,Florida,United States,2908063
Denver,Colorado,United States,2876625
Brooklyn,New York,United States,2559903
Queens,New York,United States,2230722
Riverside,California,United States,2107852
Baltimore,Maryland,United States,2106068
Las Vegas,Nevada,United States,2104198
Portland,Oregon,United States,2074775
San Antonio,Texas,United States,2049293
Sacramento,California,United States,1898019
Orlando,Florida,United States,1822394
San Jose,California,United States,1798103
Cleveland,Ohio,United States,1710093
Pittsburgh,Pennsylvania,United States,1703266
Austin,Texas,United States,1687311
Cincinnati,Ohio,United States,1662691
Kansas City,Missouri,United States,1636715
Manhattan,New York,United States,1628706
Indianapolis,Indiana,United States,1588961
Columbus,Ohio,United States,1562009
Charlotte,North Carolina,United States,1512923
Virginia Beach,Virginia,United States,1478868
Bronx,New York,United States,1418207
Milwaukee,Wisconsin,United States,1365787
Providence,Rhode Island,United States,1203230
Jacksonville,Florida,United States,1181496
Salt Lake City,Utah,United States,1098526
Nashville,Tennessee,United States,1081903
Richmond,Virginia,United States,1075798
Memphis,Tennessee,United States,1066967
Raleigh,North Carolina,United States,1038738
New Orleans,Louisiana,United States,1020886
Louisville,Kentucky,United States,1005654
Oklahoma City,Oklahoma,United States,972943
Bridgeport,Connecticut,United States,924449
Buffalo,New York,United States,914341
Fort Worth,Texas,United States,909585
Hartford,Connecticut,United States,905152
Tucson,Arizona,United States,888486
Omaha,Nebraska,United States,847819
El Paso,Texas,United States,843386
Honolulu,Hawaii,United States,820987
McAllen,Texas,United States,804114
Albuquerque,New Mexico,United States,761195
Birmingham,Alabama,United States,739573
Sarasota,Florida,United States,722243
Dayton,Ohio,United States,718353
Rochester,New York,United States,703952
Fresno,California,United States,703498
Allentown,Pennsylvania,United States,683794
Tulsa,Oklahoma,United States,671033
Cape Coral,Florida,United States,668382
Concord,California,United States,652308
Colorado Springs,Colorado,United States,642413
Grand Rapids,Michigan,United States,609314
Mission Viejo,California,United States,590249
Albany,New York,United States,586383
Knoxville,Tennessee,United States,586048
Bakersfield,California,United States,579295
Baton Rouge,Louisiana,United States,570308
Akron,Ohio,United States,565208
New Haven,Connecticut,United States,564830
Columbia,South Carolina,United States,560041
Mesa,Arizona,United States,518012
Provo,Utah,United States,500617
Worcester,Massachusetts,United States,498328
Murrieta,California,United States,496046
Greenville,South Carolina,United States,484465
Wichita,Kansas,United States,482249
Toledo,Ohio,United States,482111
Staten Island,New York,United States,476143
Des Moines,Iowa,United States,473957
Long Beach,California,United States,462628
Denton,Texas,United States,457177
Reno,Nevada,United States,445020
Harrisburg,Pennsylvania,United States,442289
Little Rock,Arkansas,United States,439815
Oakland,California,United States,433031
Durham,North Carolina,United States,424700
Winston-Salem,North Carolina,United States,422269
Indio,California,United States,417059
Palm Coast,Florida,United States,417007
Chattanooga,Tennessee,United States,415501
Spokane,Washington,United States,412275
Syracuse,New York,United States,404223
Lancaster,Pennsylvania,United States,401524
Arlington,Texas,United States,398854
Stockton,California,United States,397264
Poughkeepsie,New York,United States,394760
Augusta,Georgia,United States,390809
Boise,Idaho,United States,389280
Oxnard,California,United States,387647
Scranton,Pennsylvania,United States,384250
Modesto,California,United States,383134
Fayetteville,Arkansas,United States,351246
Anaheim,California,United States,350365
Pensacola,Florida,United States,346921
Victorville,California,United States,346789
Greensboro,North Carolina,United States,343090
Corpus Christi,Texas,United States,342464
Fort Wayne,Indiana,United States,334122
Santa Ana,California,United States,332318
Flint,Michigan,United States,332190
Santa Rosa,California,United States,324634
Lansing,Michigan,United States,324286
Ann Arbor,Michigan,United States,322267
Henderson,Nevada,United States,320189
Huntsville,Alabama,United States,319249
Fort Collins,Colorado,United States,312666
Asheville,North Carolina,United States,312507
Santa Clarita,California,United States,312446
Antioch,California,United States,302419
Lakeland,Florida,United States,302284
Trenton,New Jersey,United States,290716
Lincoln,Nebraska,United States,289490
Springfield,Missouri,United States,288090
Anchorage,Alaska,United States,288000
Plano,Texas,United States,287677
Irvine,California,United States,287401
Rockford,Illinois,United States,282762
South Bend,Indiana,United States,280498
Shreveport,Louisiana,United States,280062
Savannah,Georgia,United States,276295
Myrtle Beach,South Carolina,United States,275579
Eugene,Oregon,United States,273439
Canton,Ohio,United States,269418
Lubbock,Texas,United States,267648
Reading,Pennsylvania,United States,267155
Winter Haven,Florida,United States,267069
Lafayette,Louisiana,United States,264357
Jersey City,New Jersey,United States,262075
Scottsdale,Arizona,United States,258069
Tallahassee,Florida,United States,257601
Wilmington,North Carolina,United States,255616
Montgomery,Alabama,United States,254634
Gilbert,Arizona,United States,254114
Glendale,Arizona,United States,252381
Norfolk,Virginia,United States,242742
Fremont,California,United States,241110
Nashua,New Hampshire,United States,233917
York,Pennsylvania,United States,233184
Evansville,Indiana,United States,230427
Avondale,Arizona,United States,227289
Appleton,Wisconsin,United States,220570
Bremerton,Washington,United States,218400
Tacoma,Washington,United States,217827
Kalamazoo,Michigan,United States,215193
Thousand Oaks,California,United States,215029
Fargo,North Dakota,United States,208675
Green Bay,Wisconsin,United States,207557
Santa Barbara,California,United States,202401
Gainesville,Florida,United States,202335
Olympia,Washington,United States,200915
Yonkers,New York,United States,200370
Huntington Beach,California,United States,199223
Aurora,Illinois,United States,197757
Tempe,Arizona,United States,195805
Waco,Texas,United States,192315
Salinas,California,United States,190972
Sioux Falls,South Dakota,United States,187239
Hagerstown,Maryland,United States,184755
Erie,Pennsylvania,United States,184484
Spartanburg,South Carolina,United States,182701
Fort Lauderdale,Florida,United States,182437
Murfreesboro,Tennessee,United States,179951
High Point,North Carolina,United States,179913
Newport News,Virginia,United States,179225
Rancho Cucamonga,California,United States,177603
Santa Cruz,California,United States,176428
Danbury,Connecticut,United States,176030
Peoria,Arizona,United States,175961
Elk Grove,California,United States,174775
Garden Grove,California,United States,171644
Corona,California,United States,169868
Ocala,Florida,United States,169383
Fredericksburg,Virginia,United States,168909
Bayamón,Puerto Rico,United States,161034
Champaign,Illinois,United States,159443
Alexandria,Virginia,United States,159428
Lakewood,Colorado,United States,157935
Lake Charles,Louisiana,United States,156181
Tuscaloosa,Alabama,United States,155499
Port Arthur,Texas,United States,154468
Muskegon,Michigan,United States,153565
Macon,Georgia,United States,153159
Sunnyvale,California,United States,152703
Pomona,California,United States,151691
New Bedford,Massachusetts,United States,149910
Bellevue,Washington,United States,148164
Topeka,Kansas,United States,147458
Joliet,Illinois,United States,147344
Beaumont,Texas,United States,146091
Paterson,New Jersey,United States,145233
Tyler,Texas,United States,143796
Torrance,California,United States,143592
Athens,Georgia,United States,141532
Pasadena,California,United States,141029
Mesquite,Texas,United States,140937
Houma,Louisiana,United States,140469
Charleston,West Virginia,United States,138706
Orange,California,United States,138669
Fullerton,California,United States,138632
Panama City,Florida,United States,136133
Hampton,Virginia,United States,134510
Warren,Michigan,United States,133943
Coral Springs,Florida,United States,133759
Kent,Washington,United States,132319
Bellingham,Washington,United States,130641
Racine,Wisconsin,United States,130142
Stamford,Connecticut,United States,129638
Elizabeth,New Jersey,United States,129216
Johnson City,Tennessee,United States,127571
Lynchburg,Virginia,United States,126814
Simi Valley,California,United States,126589
Kenosha,Wisconsin,United States,124972
Boulder,Colorado,United States,124345
Abilene,Texas,United States,123420
Berkeley,California,United States,121363
East Los Angeles,California,United States,121187
Duluth,Minnesota,United States,119476
Rock Hill,South Carolina,United States,119105
Cambridge,Massachusetts,United States,118927
Iowa City,Iowa,United States,118041
Saginaw,Michigan,United States,117958
Chico,California,United States,117668
Clearwater,Florida,United States,116946
Brandon,Florida,United States,115911
Bloomington,Indiana,United States,115884
Temecula,California,United States,114761
Clovis,California,United States,114584
Costa Mesa,California,United States,113003
Monroe,Louisiana,United States,112891
Pompano Beach,Florida,United States,112118
West Palm Beach,Florida,United States,111955
Waterloo,Iowa,United States,111631
Everett,Washington,United States,111475
El Centro,California,United States,111425
Santa Fe,New Mexico,United States,111269
Downey,California,United States,111126
Lowell,Massachusetts,United States,110997
Elgin,Illinois,United States,110849
Burlington,Vermont,United States,109763
Eau Claire,Wisconsin,United States,107404
Turlock,California,United States,107317
Temple,Texas,United States,107258
Sioux City,Iowa,United States,106455
Salisbury,Maryland,United States,106447
West Covina,California,United States,105101
Wichita Falls,Texas,United States,104683
San Mateo,California,United States,104430
El Cajon,California,United States,102708
Burbank,California,United States,102511
Vista,California,United States,101638
Vacaville,California,United States,101444
Carmel,Indiana,United States,101068
San Angelo,Texas,United States,101004
Charlottesville,Virginia,United States,100416
Boca Raton,Florida,United States,99805
Beaverton,Oregon,United States,99037
Lawrence,Kansas,United States,98648
Orem,Utah,United States,97828
Federal Way,Washington,United States,96289
Mandeville,Louisiana,United States,95968
Bowling Green,Kentucky,United States,95135
Quincy,Massachusetts,United States,94470
Chino,California,United States,94371
Lynn,Massachusetts,United States,94299
Hanford,California,United States,94028
Dearborn,Michigan,United States,93932
Livonia,Michigan,United States,93665
South Gate,California,United States,93444
Florence,South Carolina,United States,93131
Portsmouth,New Hampshire,United States,93069
Lawton,Oklahoma,United States,93025
Kirkland,Washington,United States,93010
Missoula,Montana,United States,92895
Auburn,Alabama,United States,92777
Blacksburg,Virginia,United States,91888
Santa Monica,California,United States,90401
New Braunfels,Texas,United States,90209
Norwalk,Connecticut,United States,88816
Newton,Massachusetts,United States,88414
State College,Pennsylvania,United States,87723
Hawthorne,California,United States,86068
Anderson,Indiana,United States,85992
Redwood City,California,United States,85925
Lake Forest,California,United States,85531
Whittier,California,United States,85098
Newport Beach,California,United States,84534
Joplin,Missouri,United States,84048
Chino Hills,California,United States,83853
Alhambra,California,United States,83750
Franklin,Tennessee,United States,83097
Melbourne,Florida,United States,83029
Pleasanton,California,United States,81777
Silver Spring,Maryland,United States,81773
Cranston,Rhode Island,United States,81456
Somerville,Massachusetts,United States,81360
Williamsburg,Virginia,United States,80441
Valdosta,Georgia,United States,79820
New Rochelle,New York,United States,78557
Layton,Utah,United States,78014
Upland,California,United States,77140
Davis,California,United States,76997
San Marcos,Texas,United States,76218
Oshkosh,Wisconsin,United States,75536
Waldorf,Maryland,United States,75489
Kendall,Florida,United States,75312
Conway,Arkansas,United States,74951
Gary,Indiana,United States,74879
Lodi,California,United States,74773
Jackson,Tennessee,United States,74065
Evanston,Illinois,United States,73473
Ellicott City,Maryland,United States,72665
Dale City,Virginia,United States,72627
Maple Grove,Minnesota,United States,72622
Morgantown,West Virginia,United States,72458
Harrisonburg,Virginia,United States,72386
Redmond,Washington,United States,71929
Redlands,California,United States,71513
Sherman,Texas,United States,70704
Walnut Creek,California,United States,70166
Passaic,New Jersey,United States,69703
Sheboygan,Wisconsin,United States,69393
Daytona Beach,Florida,United States,69186
Lima,Ohio,United States,68878
Rockville,Maryland,United States,68079
Gaithersburg,Maryland,United States,67985
Union City,New Jersey,United States,67982
Ames,Iowa,United States,67910
Yorba Linda,California,United States,67644
Palatine,Illinois,United States,67482
DeKalb,Illinois,United States,66959
Petaluma,California,United States,66929
Laguna Niguel,California,United States,66385
Bay City,Michigan,United States,66107
North Little Rock,Arkansas,United States,65903
Carbondale,Illinois,United States,65671
Palo Alto,California,United States,65364
Great Falls,Montana,United States,65131
Bayonne,New Jersey,United States,64897
Noblesville,Indiana,United States,64668
Chapel Hill,North Carolina,United States,64051
Haverhill,Massachusetts,United States,64014
Parkersburg,West Virginia,United States,62566
San Luis Obispo,California,United States,62290
Hamilton,Ohio,United States,62082
Rome,Georgia,United States,61537
Sanford,Florida,United States,61448
Reston,Virginia,United States,61147
Taylor,Michigan,United States,60922
Marietta,Georgia,United States,60867
La Habra,California,United States,60513
Bangor,Maine,United States,59772
Bradenton,Florida,United States,59439
Pontiac,Michigan,United States,59438
Meriden,Connecticut,United States,59395
Royal Oak,Michigan,United States,59277
Middletown,New York,United States,58592
Hendersonville,Tennessee,United States,58113
White Plains,New York,United States,58109
Jefferson City,Missouri,United States,58025
Towson,Maryland,United States,57817
Parker,Colorado,United States,57706
Bozeman,Montana,United States,57695
Huntington Park,California,United States,57509
Blue Springs,Missouri,United States,55829
Tinley Park,Illinois,United States,55773
New Brunswick,New Jersey,United States,55676
Novato,California,United States,55516
Ithaca,New York,United States,55137
Chicopee,Massachusetts,United States,55126
Kingston,New York,United States,54791
West Haven,Connecticut,United States,54620
Normal,Illinois,United States,54469
Rosemead,California,United States,54058
Leesburg,Virginia,United States,53727
Palm Desert,California,United States,53275
Revere,Massachusetts,United States,53073
Helena,Montana,United States,52936
Wheaton,Illinois,United States,52745
Hoboken,New Jersey,United States,52677
Oak Park,Illinois,United States,52381
Levittown,New York,United States,51634
Glendora,California,United States,51544
Perth Amboy,New Jersey,United States,51390
Placentia,California,United States,51233
Kannapolis,North Carolina,United States,50841
Mishawaka,Indiana,United States,50363
Plainfield,New Jersey,United States,50317
Stillwater,Oklahoma,United States,50299
Morehead City,North Carolina,United States,49760
Coral Gables,Florida,United States,49700
Minot,North Dakota,United States,49425
Poway,California,United States,49323
Cypress,California,United States,49006
Roswell,New Mexico,United States,48889
Draper,Utah,United States,48587
Palm Springs,California,United States,48518
Findlay,Ohio,United States,48469
La Mirada,California,United States,48183
East Lansing,Michigan,United States,48145
Uniontown,Pennsylvania,United States,48137
Cumberland,Maryland,United States,47980
Rancho Santa Margarita,California,United States,47896
Potomac,Maryland,United States,45940
Tupelo,Mississippi,United States,45466
Lufkin,Texas,United States,44867
Lombard,Illinois,United States,44303
Eureka,California,United States,44236
Sayreville,New Jersey,United States,44173
Altamonte Springs,Florida,United States,44143
Moorhead,Minnesota,United States,43652
Rohnert Park,California,United States,43291
Freeport,New York,United States,42956
Hicksville,New York,United States,42709
Urbana,Illinois,United States,42214
Beverly,Massachusetts,United States,42174
Statesboro,Georgia,United States,42102
Campbell,California,United States,41793
La Quinta,California,United States,41748
Newnan,Georgia,United States,41581
Westfield,Massachusetts,United States,41204
Spanish Fork,Utah,United States,40913
Belleville,Illinois,United States,40897
Wilkes-Barre,Pennsylvania,United States,40766
Pottsville,Pennsylvania,United States,40685
Bluefield,West Virginia,United States,40640
Cedar Falls,Iowa,United States,40536
Jamestown,New York,United States,40493
Covington,Kentucky,United States,40341
Amherst,Massachusetts,United States,39814
Muskogee,Oklahoma,United States,39789
Chelsea,Massachusetts,United States,39690
Issaquah,Washington,United States,39509
Germantown,Tennessee,United States,39225
Annapolis,Maryland,United States,39223
Culver City,California,United States,39185
Oxford,Mississippi,United States,38310
Mechanicsville,Virginia,United States,37496
Valley Stream,New York,United States,37431
Oregon City,Oregon,United States,37339
Winter Springs,Florida,United States,37312
Braintree,Massachusetts,United States,37190
Rock Island,Illinois,United States,37176
Mount Juliet,Tennessee,United States,37029
Oakton,Virginia,United States,36997
New Albany,Indiana,United States,36843
Moorpark,California,United States,36375
Lincoln Park,Michigan,United States,36321
Claremont,California,United States,36266
Cooper City,Florida,United States,35800
Manhattan Beach,California,United States,35183
Menlo Park,California,United States,34698
Arcata,California,United States,34616
Lockport,New York,United States,34561
Goshen,Indiana,United States,34217
Russellville,Arkansas,United States,34205
Grass Valley,California,United States,34196
Kennesaw,Georgia,United States,34077
Douglasville,Georgia,United States,33992
Laramie,Wyoming,United States,33929
Dana Point,California,United States,33577
Newark,Delaware,United States,33515
Woodstock,Georgia,United States,33039
Fair Lawn,New Jersey,United States,32896
Huntington Station,New York,United States,32866
Massillon,Ohio,United States,32584
College Park,Maryland,United States,32163
Chillicothe,Ohio,United States,31999
La Verne,California,United States,31974
Garfield,New Jersey,United States,31802
Centereach,New York,United States,31493
Princeton,New Jersey,United States,31187
Goleta,California,United States,30911
Barstow,California,United States,30605
Gurnee,Illinois,United States,30378
Sterling,Virginia,United States,30271
Long Branch,New Jersey,United States,30241
Los Gatos,California,United States,30222
Los Altos,California,United States,30089
Stockbridge,Georgia,United States,29904
Ukiah,California,United States,29561
Port Chester,New York,United States,29163
Geneva,New York,United States,28563
Northampton,Massachusetts,United States,28451
Ruston,Louisiana,United States,27717
Isla Vista,California,United States,27707
Seneca,South Carolina,United States,27439
Bergenfield,New Jersey,United States,27327
Glen Cove,New York,United States,27166
Wilmette,Illinois,United States,27089
Cortland,New York,United States,26729
Alvin,Texas,United States,26723
Marshalltown,Iowa,United States,26666
Batavia,Illinois,United States,26420
Troy,Ohio,United States,26281
Boone,North Carolina,United States,26146
Moscow,Idaho,United States,26145
Twentynine Palms,California,United States,26073
Medina,Ohio,United States,25956
Owatonna,Minnesota,United States,25704
Tarpon Springs,Florida,United States,25577
Denison,Texas,United States,25529
El Cerrito,California,United States,25508
Homewood,Alabama,United States,25377
Bainbridge Island,Washington,United States,25298
Edwardsville,Illinois,United States,25233
Ridgewood,New Jersey,United States,25056
Auburn Hills,Michigan,United States,24748
Baldwin,New York,United States,24727
Kernersville,North Carolina,United States,24660
Rockville Centre,New York,United States,24550
Lathrop,California,United States,24483
Clinton,Mississippi,United States,24440
Ellensburg,Washington,United States,24377
Chantilly,Virginia,United States,24368
Newport,Rhode Island,United States,24334
Peekskill,New York,United States,24295
Ridgeland,Mississippi,United States,24104
Tumwater,Washington,United States,24024
Seal Beach,California,United States,23896
Calabasas,California,United States,23853
Half Moon Bay,California,United States,23653
Zion,Illinois,United States,23487
Carteret,New Jersey,United States,23408
Maywood,Illinois,United States,23158
Blue Island,Illinois,United States,22899
Belton,Texas,United States,22885
Laguna Beach,California,United States,22827
Keene,New Hampshire,United States,22786
Millbrae,California,United States,22394
Naples,Florida,United States,22088
Massapequa,New York,United States,21784
Mukilteo,Washington,United States,21441
King of Prussia,Pennsylvania,United States,21313
Stephenville,Texas,United States,21247
Guayama,Puerto Rico,United States,20913
Grayslake,Illinois,United States,20725
Lebanon,Ohio,United States,20659
Payson,Utah,United States,20303
Agoura Hills,California,United States,20222
Libertyville,Illinois,United States,20205
Ypsilanti,Michigan,United States,20171
Snellville,Georgia,United States,20077
West Chester,Pennsylvania,United States,20029
Elmwood Park,New Jersey,United States,19966
Tahlequah,Oklahoma,United States,19773
La Crescenta-Montrose,California,United States,19689
Hermosa Beach,California,United States,19320
Arbutus,Maryland,United States,19292
Morristown,New Jersey,United States,19261
Lexington,North Carolina,United States,18933
Sartell,Minnesota,United States,18926
Anacortes,Washington,United States,18563
Hopkins,Minnesota,United States,18468
Radford,Virginia,United States,18249
Iselin,New Jersey,United States,18175
Macomb,Illinois,United States,18006
Easton,Maryland,United States,17911
Dumont,New Jersey,United States,17516
Shorewood,Illinois,United States,17509
Martinsburg,West Virginia,United States,17454
Lansdale,Pennsylvania,United States,17083
McComb,Mississippi,United States,16672
El Segundo,California,United States,16610
Solvang,California,United States,16540
Los Osos,California,United States,16533
Kings Park,New York,United States,16424
Conyers,Georgia,United States,16256
Sulphur Springs,Texas,United States,16234
Mount Clemens,Michigan,United States,16163
Prospect Heights,Illinois,United States,15887
Floral Park,New York,United States,15844
Lake Geneva,Wisconsin,United States,15518
Asbury Park,New Jersey,United States,15408
Westbury,New York,United States,15351
Washington Court House,Ohio,United States,15059
Astoria,Oregon,United States,14916
Hartsville,South Carolina,United States,14693
Williamstown,New Jersey,United States,14641
Corinth,Mississippi,United States,14472
Greensburg,Pennsylvania,United States,14113
Middleburg,Florida,United States,14111
Fort Payne,Alabama,United States,14074
Beacon,New York,United States,13968
Hammonton,New Jersey,United States,13934
El Sobrante,California,United States,13881
Ephrata,Pennsylvania,United States,13862
Maumee,Ohio,United States,13669
Elizabethton,Tennessee,United States,13509
Marion,North Carolina,United States,13454
Lindale,Texas,United States,13442
Oskaloosa,Iowa,United States,12592
Belmont,North Carolina,United States,12558
Endicott,New York,United States,12532
Stony Brook,New York,United States,12428
Palmer,Massachusetts,United States,12232
Moncks Corner,South Carolina,United States,11986
Red Bank,New Jersey,United States,11966
Malibu,California,United States,11820
Scotts Valley,California,United States,11757
Glen Rock,New Jersey,United States,11707
Fenton,Michigan,United States,11403
Piedmont,California,United States,11135
Mount Sinai,New York,United States,11101
Moss Bluff,Louisiana,United States,11055
Wasilla,Alaska,United States,10838
Mount Kisco,New York,United States,10795
Rodeo,California,United States,10409
Kennett,Missouri,United States,10379
Sedona,Arizona,United States,10339
Vernon,Texas,United States,10323
Vashon,Washington,United States,10291
Great Neck,New York,United States,10209
Waverly,Iowa,United States,10198
Havre,Montana,United States,10155
Kutztown,Pennsylvania,United States,10137
Laurens,South Carolina,United States,10008
Marysville,Michigan,United States,9672
Fort Stewart,Georgia,United States,9643
Keansburg,New Jersey,United States,9632
Lititz,Pennsylvania,United States,9465
Brownsville,Tennessee,United States,9435
Amityville,New York,United States,9399
Gridley,California,United States,9237
South Amboy,New Jersey,United States,9176
Monmouth,Illinois,United States,9084
Valley Cottage,New York,United States,9023
Mechanicsburg,Pennsylvania,United States,8990
Aledo,Texas,United States,8909
Quakertown,Pennsylvania,United States,8784
Fort Knox,Kentucky,United States,8695
Montesano,Washington,United States,8685
Matawan,New Jersey,United States,8640
Monahans,Texas,United States,8639
Audubon,New Jersey,United States,8637
Charlestown,Indiana,United States,8370
Haledon,New Jersey,United States,8293
Montecito,California,United States,8245
Oberlin,Ohio,United States,8199
Willits,California,United States,8055
Topanga,California,United States,7900
Grand Ledge,Michigan,United States,7896
Hastings-on-Hudson,New York,United States,7853
Creston,Iowa,United States,7713
Bernardsville,New Jersey,United States,7594
Marshall,Michigan,United States,7548
Pikeville,Kentucky,United States,7531
Northport,New York,United States,7273
Pleasantville,New York,United States,7260
Nyack,New York,United States,7156
Flatwoods,Kentucky,United States,7079
Keyport,New Jersey,United States,6977
Ocean City,Maryland,United States,6944
Linwood,New Jersey,United States,6658
Winthrop Harbor,Illinois,United States,6618
Camilla,Georgia,United States,6488
Red Lion,Pennsylvania,United States,6330
Morris Plains,New Jersey,United States,6255
Dumfries,Virginia,United States,5922
Mineola,Texas,United States,5919
Littlefield,Texas,United States,5843
Woodcliff Lake,New Jersey,United States,5839
Dripping Springs,Texas,United States,5708
New Castle,Delaware,United States,5392
Grayson,Kentucky,United States,5277
Grosse Pointe,Michigan,United States,5154
Carle Place,New York,United States,5131
Carmi,Illinois,United States,5111
Glen Head,New York,United States,5053
Adairsville,Georgia,United States,4963
Salem,Missouri,United States,4919
Davison,Michigan,United States,4881
Flemington,New Jersey,United States,4577
Pinetop-Lakeside,Arizona,United States,4469
Churchville,Pennsylvania,United States,4412
Coopersville,Michigan,United States,4387
Buchanan,Michigan,United States,4263
Ho-Ho-Kus,New Jersey,United States,4065
Tiptonville,Tennessee,United States,3971
Shingle Springs,California,United States,3846
South Glens Falls,New York,United States,3634
Romeo,Michigan,United States,3606
Newcastle,Wyoming,United States,3397
Tipton,Missouri,United States,3389
Mansfield,Pennsylvania,United States,3341
Story City,Iowa,United States,3320
Wellsville,Ohio,United States,3306
Grand Saline,Texas,United States,3273
Hauula,Hawaii,United States,3233
Bedford Hills,New York,United States,3225
Mannford,Oklahoma,United States,3194
Minden,Nevada,United States,3151
Nevada City,California,United States,3148
Benson,Minnesota,United States,3043
Mohnton,Pennsylvania,United States,3018
Sylva,North Carolina,United States,2738
New Hope,Pennsylvania,United States,2530
Yardley,Pennsylvania,United States,2514
Escatawpa,Mississippi,United States,2257
Guyton,Georgia,United States,2226
South Fallsburg,New York,United States,2168
Corralitos,California,United States,2160
Penndel,Pennsylvania,United States,2157
Rainier,Oregon,United States,2010
Sussex,New Jersey,United States,1985
Linden,Texas,United States,1915
Southport,Indiana,United States,1770
Crested Butte,Colorado,United States,1723
Jonesboro,Illinois,United States,1700
Chapin,South Carolina,United States,1633
Tryon,North Carolina,United States,1615
Edmonton,Kentucky,United States,1595
Langhorne,Pennsylvania,United States,1580
Pilot Mountain,North Carolina,United States,1413
Millbrook,New York,United States,1406
Oblong,Illinois,United States,1371
Glen Dale,West Virginia,United States,1371
Milton,New York,United States,1294
Dover Plains,New York,United States,1096
McLeansville,North Carolina,United States,1044
Belle Vernon,Pennsylvania,United States,1031
New Cumberland,West Virginia,United States,1006
Milford,Pennsylvania,United States,982
Occidental,California,United States,823
Upper Marlboro,Maryland,United States,673
Gas,Kansas,United States,501
Kingsland,Arkansas,United States,400
