artist,city,state,population
Good Tiger,London,Greater London,8825001
The Psychedelic Furs,London,Greater London,8825001
Gryphon,London,Greater London,8825001
Thomas Dolby,London,Greater London,8825001
Big Deal,London,Greater London,8825001
Beady Eye,London,Greater London,8825001
Bliss Signal,London,Greater London,8825001
Cressida,London,Greater London,8825001
Quatermass,London,Greater London,8825001
Bombay Bicycle Club,London,Greater London,8825001
Ted Maul,London,Greater London,8825001
Vacuous,London,Greater London,8825001
Joe Strummer and The Mescaleros,London,Greater London,8825001
World Party,London,Greater London,8825001
Foghat,London,Greater London,8825001
Ex:Re,London,Greater London,8825001
"The Good, The Bad and The Queen",London,Greater London,8825001
deathcrash,London,Greater London,8825001
Messenger,London,Greater London,8825001
Rina Sawayama,London,Greater London,8825001
Penguin Cafe Orchestra,London,Greater London,8825001
Peach,London,Greater London,8825001
DragonForce,London,Greater London,8825001
Akercocke,London,Greater London,8825001
Gentle Giant,London,Greater London,8825001
Hang The Bastard,London,Greater London,8825001
"Emerson, Lake and Powell",London,Greater London,8825001
Frost*,London,Greater London,8825001
Praying Mantis,London,Greater London,8825001
The Alan Parsons Project,London,Greater London,8825001
Veronica Falls,London,Greater London,8825001
Samson,London,Greater London,8825001
Dawn Treader,London,Greater London,8825001
TURQUOISEDEATH,London,Greater London,8825001
Status Quo,London,Greater London,8825001
Wolf Gang,London,Greater London,8825001
Teeth Of The Sea,London,Greater London,8825001
Tank,London,Greater London,8825001
Above and Beyond,London,Greater London,8825001
Cheatahs,London,Greater London,8825001
Pure Reason Revolution,London,Greater London,8825001
beabadoobee,London,Greater London,8825001
Voices,London,Greater London,8825001
Astronauts,London,Greater London,8825001
The Nice,London,Greater London,8825001
The Clash,London,Greater London,8825001
Brigade,London,Greater London,8825001
Defiled,London,Greater London,8825001
Tangled Hair,London,Greater London,8825001
Quickspace,London,Greater London,8825001
Nine Horses,London,Greater London,8825001
The Comet Is Coming,London,Greater London,8825001
Eye of Solitude,London,Greater London,8825001
Nurse With Wound,London,Greater London,8825001
Squeeze,London,Greater London,8825001
Bush,London,Greater London,8825001
Apartment,London,Greater London,8825001
Yuck,London,Greater London,8825001
Horsey,London,Greater London,8825001
The Defiled,London,Greater London,8825001
Iron Maiden,London,Greater London,8825001
Still Corners,London,Greater London,8825001
Sol Invictus,London,Greater London,8825001
Frou Frou,London,Greater London,8825001
Hundred Reasons,London,Greater London,8825001
The Chisel,London,Greater London,8825001
xRepentancex,London,Greater London,8825001
Sam Prekop,London,Greater London,8825001
Three Trapped Tigers,London,Greater London,8825001
Faces,London,Greater London,8825001
Pink Floyd,London,Greater London,8825001
Dire Straits,London,Greater London,8825001
Kula Shaker,London,Greater London,8825001
Employed To Serve,London,Greater London,8825001
Petrol Girls,London,Greater London,8825001
Senser,London,Greater London,8825001
Light Bearer,London,Greater London,8825001
Small Faces,London,Greater London,8825001
ProjeKct X,London,Greater London,8825001
Cat Stevens,London,Greater London,8825001
Led Zeppelin,London,Greater London,8825001
Leaf Hound,London,Greater London,8825001
Dawnwalker,London,Greater London,8825001
Fastway,London,Greater London,8825001
Burner,London,Greater London,8825001
Ghostpoet,London,Greater London,8825001
Yes,London,Greater London,8825001
Ihlo,London,Greater London,8825001
"Emerson, Lake and Palmer",London,Greater London,8825001
Pupil Slicer,London,Greater London,8825001
Breed 77,London,Greater London,8825001
Morrow,London,Greater London,8825001
Sex Pistols,London,Greater London,8825001
King Crimson,London,Greater London,8825001
Wings,London,Greater London,8825001
Julian Jay Savarin,London,Greater London,8825001
Alternative TV,London,Greater London,8825001
Talk Talk,London,Greater London,8825001
Death Goals,London,Greater London,8825001
Anna Calvi,London,Greater London,8825001
Necro Deathmort,London,Greater London,8825001
2:54,London,Greater London,8825001
Alien Sex Fiend,London,Greater London,8825001
Hadouken!,London,Greater London,8825001
Years Of Rice and Salt,London,Greater London,8825001
My Vitriol,London,Greater London,8825001
Sleep Token,London,Greater London,8825001
The Antichrist Imperium,London,Greater London,8825001
bar italia,London,Greater London,8825001
Visage,London,Greater London,8825001
Spooky Tooth,London,Greater London,8825001
Thunder,London,Greater London,8825001
Katie Melua,London,Greater London,8825001
Psychic TV,London,Greater London,8825001
Million Dead,London,Greater London,8825001
Renaissance,London,Greater London,8825001
The Duke Spirit,London,Greater London,8825001
The Last Dinner Party,London,Greater London,8825001
Daisy Chainsaw,London,Greater London,8825001
Ultravox,London,Greater London,8825001
Television Personalities,London,Greater London,8825001
Pentangle,London,Greater London,8825001
Wargasm,London,Greater London,8825001
Asian Dub Foundation,London,Greater London,8825001
Emmy the Great,London,Greater London,8825001
Foetus,London,Greater London,8825001
HMLTD,London,Greater London,8825001
Cat's Eyes,London,Greater London,8825001
Miroist,London,Greater London,8825001
Art Bears,London,Greater London,8825001
Rare Bird,London,Greater London,8825001
Lush,London,Greater London,8825001
Tellison,London,Greater London,8825001
Nova Twins,London,Greater London,8825001
Marika Hackman,London,Greater London,8825001
Acoustic Ladyland,London,Greater London,8825001
Manfred Mann's Earth Band,London,Greater London,8825001
Tat,London,Greater London,8825001
TRC,London,Greater London,8825001
Cymande,London,Greater London,8825001
Gnidrolog,London,Greater London,8825001
Pete Townshend,London,Greater London,8825001
Greenslade,London,Greater London,8825001
Death in June,London,Greater London,8825001
Clouds,London,Greater London,8825001
Anderson Bruford Wakeman Howe,London,Greater London,8825001
Urne,London,Greater London,8825001
Gillan,London,Greater London,8825001
Caroline,London,Greater London,8825001
Tapir!,London,Greater London,8825001
Phil Collins,London,Greater London,8825001
Osibisa,London,Greater London,8825001
Chapel Club,London,Greater London,8825001
Elvis Costello,London,Greater London,8825001
Pet Shop Boys,London,Greater London,8825001
Savages,London,Greater London,8825001
Eurythmics,London,Greater London,8825001
Noisettes,London,Greater London,8825001
3 Colours Red,London,Greater London,8825001
Piano Magic,London,Greater London,8825001
Cutting Pink With Knives,London,Greater London,8825001
The Kills,London,Greater London,8825001
Exit North,London,Greater London,8825001
Monuments,London,Greater London,8825001
Placebo,London,Greater London,8825001
Years and Years,London,Greater London,8825001
Cutting Crew,London,Greater London,8825001
Melt Yourself Down,London,Greater London,8825001
Tunng,London,Greater London,8825001
Demon Fuzz,London,Greater London,8825001
The Big Pink,London,Greater London,8825001
Spector,London,Greater London,8825001
The Libertines,London,Greater London,8825001
Florence and the Machine,London,Greater London,8825001
The Pretty Things,London,Greater London,8825001
The Jim Jones Revue,London,Greater London,8825001
23 Skidoo,London,Greater London,8825001
The Crazy World of Arthur Brown,London,Greater London,8825001
The Jimi Hendrix Experience,London,Greater London,8825001
40 Watt Sun,London,Greater London,8825001
The Kinks,London,Greater London,8825001
AxeWound,London,Greater London,8825001
Noah and the Whale,London,Greater London,8825001
Bad Company,London,Greater London,8825001
Spice Girls,London,Greater London,8825001
Asia,London,Greater London,8825001
Comus,London,Greater London,8825001
Biomechanical,London,Greater London,8825001
Wire,London,Greater London,8825001
Siouxsie and the Banshees,London,Greater London,8825001
The King Blues,London,Greater London,8825001
Derek and the Dominos,London,Greater London,8825001
Indesinence,London,Greater London,8825001
Shopping,London,Greater London,8825001
Nucleus (UK),London,Greater London,8825001
Echo Lake,London,Greater London,8825001
Coldplay,London,Greater London,8825001
Big Audio Dynamite,London,Greater London,8825001
Cherubs,London,Greater London,8825001
Klaxons,London,Greater London,8825001
Add N to,London,Greater London,8825001
The Raven Age,London,Greater London,8825001
Kaleidoscope,London,Greater London,8825001
Tomorrow,London,Greater London,8825001
The Creatures,London,Greater London,8825001
The Field Mice,London,Greater London,8825001
Gorillaz,London,Greater London,8825001
Uriah Heep,London,Greater London,8825001
Girlschool,London,Greater London,8825001
Babyshambles,London,Greater London,8825001
Strawbs,London,Greater London,8825001
Tubeway Army,London,Greater London,8825001
Shit and Shine,London,Greater London,8825001
Goat Girl,London,Greater London,8825001
Steeleye Span,London,Greater London,8825001
The Meteors,London,Greater London,8825001
The Raincoats,London,Greater London,8825001
Pumarosa,London,Greater London,8825001
TV Priest,London,Greater London,8825001
The Adverts,London,Greater London,8825001
The Web,London,Greater London,8825001
Male Bonding,London,Greater London,8825001
Alexi Murdoch,London,Greater London,8825001
801,London,Greater London,8825001
Stray,London,Greater London,8825001
One Minute Silence,London,Greater London,8825001
Dirty Pretty Things,London,Greater London,8825001
Pure Love,London,Greater London,8825001
Bill Fay,London,Greater London,8825001
Adam and the Ants,London,Greater London,8825001
Mojave 3,London,Greater London,8825001
Guillemots,London,Greater London,8825001
Arcadia,London,Greater London,8825001
The Rolling Stones,London,Greater London,8825001
Miranda Sex Garden,London,Greater London,8825001
David Bowie,London,Greater London,8825001
Sleeper,London,Greater London,8825001
Moonshake,London,Greater London,8825001
The Outfield,London,Greater London,8825001
Patrick Wolf,London,Greater London,8825001
Stereolab,London,Greater London,8825001
Daughter,London,Greater London,8825001
Elephant Tree,London,Greater London,8825001
Hot Chip,London,Greater London,8825001
King Charles,London,Greater London,8825001
Fleetwood Mac,London,Greater London,8825001
Savoy Brown,London,Greater London,8825001
Flotation Toy Warning,London,Greater London,8825001
The History Of Apple Pie,London,Greater London,8825001
Queen,London,Greater London,8825001
Colin Newman,London,Greater London,8825001
The Boxer Rebellion,London,Greater London,8825001
Juno Reactor,London,Greater London,8825001
Suns of the Tundra,London,Greater London,8825001
Keaton Henson,London,Greater London,8825001
Calligram,London,Greater London,8825001
Sault,London,Greater London,8825001
Bastille,London,Greater London,8825001
Modestep,London,Greater London,8825001
Dusty Springfield,London,Greater London,8825001
Throats,London,Greater London,8825001
Sun Dial,London,Greater London,8825001
Jade Warrior,London,Greater London,8825001
The Waterboys,London,Greater London,8825001
The Tiger Lillies,London,Greater London,8825001
Brontide,London,Greater London,8825001
Young Legionnaire,London,Greater London,8825001
The Police,London,Greater London,8825001
Quintessence,London,Greater London,8825001
Supertramp,London,Greater London,8825001
The Glove,London,Greater London,8825001
Curve,London,Greater London,8825001
The Veils,London,Greater London,8825001
The Yardbirds,London,Greater London,8825001
Atomic Rooster,London,Greater London,8825001
Steve Hackett,London,Greater London,8825001
Fanfarlo,London,Greater London,8825001
Blur,London,Greater London,8825001
Angel Witch,London,Greater London,8825001
Gary Numan,London,Greater London,8825001
Colosseum,London,Greater London,8825001
Karybdis,London,Greater London,8825001
Lene Lovich,London,Greater London,8825001
PIG,London,Greater London,8825001
Nedry,London,Greater London,8825001
Mumford and Sons,London,Greater London,8825001
Breathless,London,Greater London,8825001
The Only Ones,London,Greater London,8825001
T2,London,Greater London,8825001
Skullflower,London,Greater London,8825001
Test Icicles,London,Greater London,8825001
QueenAdreena,London,Greater London,8825001
Bodychoke,London,Greater London,8825001
Grave Miasma,London,Greater London,8825001
The Ruts,London,Greater London,8825001
Cream,London,Greater London,8825001
The Fixx,London,Greater London,8825001
Fields,London,Greater London,8825001
The Auteurs,London,Greater London,8825001
Ithaca,London,Greater London,8825001
Suede,London,Greater London,8825001
Son of Dork,London,Greater London,8825001
Django Django,London,Greater London,8825001
Bat For Lashes,London,Greater London,8825001
Colosseum II,London,Greater London,8825001
The Legendary Pink Dots,London,Greater London,8825001
The Clientele,London,Greater London,8825001
McFly,London,Greater London,8825001
Engineers,London,Greater London,8825001
Brand X,London,Greater London,8825001
Art Brut,London,Greater London,8825001
Gorerotted,London,Greater London,8825001
BBM,London,Greater London,8825001
999,London,Greater London,8825001
Abhorrent Decimation,London,Greater London,8825001
Morgan,London,Greater London,8825001
Vanishing Twin,London,Greater London,8825001
Woo,London,Greater London,8825001
Crystal Fighters,London,Greater London,8825001
One Direction,London,Greater London,8825001
Jessie J,London,Greater London,8825001
Current 93,London,Greater London,8825001
Archive,London,Greater London,8825001
High Vis,London,Greater London,8825001
Lowen,London,Greater London,8825001
Orange Goblin,London,Greater London,8825001
Death In Vegas,London,Greater London,8825001
The Vibrators,London,Greater London,8825001
*shels,London,Greater London,8825001
The Who,London,Greater London,8825001
Akasha,London,Greater London,8825001
Elastica,London,Greater London,8825001
Elixir,London,Greater London,8825001
Miasma and The Carousel of Headless Horses,London,Greater London,8825001
Sacred Son,London,Greater London,8825001
Fractals,London,Greater London,8825001
Deep Purple,London,Greater London,8825001
Haken,London,Greater London,8825001
Savage Messiah,London,Greater London,8825001
Curved Air,London,Greater London,8825001
UFO,London,Greater London,8825001
5ive,London,Greater London,8825001
The Maccabees,London,Greater London,8825001
Bloc Party,London,Greater London,8825001
Factory Floor,London,Greater London,8825001
Talanas,London,Greater London,8825001
UNKLE,London,Greater London,8825001
Razorlight,London,Greater London,8825001
Black Midi,London,Greater London,8825001
God,London,Greater London,8825001
The Damned,London,Greater London,8825001
Fuzzy Duck,London,Greater London,8825001
Zulu Winter,London,Greater London,8825001
Down I Go,London,Greater London,8825001
Cock Sparrer,London,Greater London,8825001
The House of Love,London,Greater London,8825001
Devil Sold His Soul,London,Greater London,8825001
Dark Star,London,Greater London,8825001
Atvm,London,Greater London,8825001
Grand National,London,Greater London,8825001
Egg,London,Greater London,8825001
Bear's Den,London,Greater London,8825001
All Saints,London,Greater London,8825001
Trees,London,Greater London,8825001
Jungle,London,Greater London,8825001
Grinderman,London,Greater London,8825001
The Slits,London,Greater London,8825001
Daniel Bedingfield,London,Greater London,8825001
Wolf Alice,London,Greater London,8825001
America,London,Greater London,8825001
Fightstar,London,Greater London,8825001
Free,London,Greater London,8825001
Khan,London,Greater London,8825001
Scouting for Girls,London,Greater London,8825001
Catapilla,London,Greater London,8825001
All About Eve,London,Greater London,8825001
Sunhouse,London,Greater London,8825001
Whitesnake,London,Greater London,8825001
Public Service Broadcasting,London,Greater London,8825001
Purson,London,Greater London,8825001
Squackett,London,Greater London,8825001
Arzachel,London,Greater London,8825001
"Apologies, I Have None",London,Greater London,8825001
Last Witness,London,Greater London,8825001
Dry The River,London,Greater London,8825001
Tytan,London,Greater London,8825001
Qrixkuor,London,Greater London,8825001
The Rakes,London,Greater London,8825001
LUMP,London,Greater London,8825001
Dif Juz,London,Greater London,8825001
Skunk Anansie,London,Greater London,8825001
T. Rex,London,Greater London,8825001
X-Ray Spex,London,Greater London,8825001
Puppy,London,Greater London,8825001
Rain Tree Crow,London,Greater London,8825001
IAMX,London,Greater London,8825001
Rudimentary Peni,London,Greater London,8825001
Richard Henshall,London,Greater London,8825001
Fairport Convention,London,Greater London,8825001
The The,London,Greater London,8825001
Momentum,London,Greater London,8825001
Bark Psychosis,London,Greater London,8825001
McDonald and Giles,London,Greater London,8825001
The Firm,London,Greater London,8825001
Ocean Colour Scene,Birmingham,West Midlands,1137100
Lock Up,Birmingham,West Midlands,1137100
Two,Birmingham,West Midlands,1137100
Epic45,Birmingham,West Midlands,1137100
Au Pairs,Birmingham,West Midlands,1137100
Sacrilege,Birmingham,West Midlands,1137100
Joan Armatrading,Birmingham,West Midlands,1137100
Anaal Nathrakh,Birmingham,West Midlands,1137100
Swim Deep,Birmingham,West Midlands,1137100
Fukpig,Birmingham,West Midlands,1137100
Johnny Foreigner,Birmingham,West Midlands,1137100
Esoteric,Birmingham,West Midlands,1137100
Alunah,Birmingham,West Midlands,1137100
Duran Duran,Birmingham,West Midlands,1137100
Quartz,Birmingham,West Midlands,1137100
Ice,Birmingham,West Midlands,1137100
Blaze Bayley,Birmingham,West Midlands,1137100
Judas Priest,Birmingham,West Midlands,1137100
Blakfish,Birmingham,West Midlands,1137100
Outlander,Birmingham,West Midlands,1137100
Benediction,Birmingham,West Midlands,1137100
The Beat,Birmingham,West Midlands,1137100
The Move,Birmingham,West Midlands,1137100
The Moody Blues,Birmingham,West Midlands,1137100
Black Sabbath,Birmingham,West Midlands,1137100
Godflesh,Birmingham,West Midlands,1137100
Magnum,Birmingham,West Midlands,1137100
Dexys Midnight Runners,Birmingham,West Midlands,1137100
Sarpanitum,Birmingham,West Midlands,1137100
Swell Maps,Birmingham,West Midlands,1137100
Mistress,Birmingham,West Midlands,1137100
Human Hands,Birmingham,West Midlands,1137100
Electric Light Orchestra,Birmingham,West Midlands,1137100
Broadcast,Birmingham,West Midlands,1137100
Scorn,Birmingham,West Midlands,1137100
Traffic,Birmingham,West Midlands,1137100
DOOM,Birmingham,West Midlands,1137100
Tony Iommi,Birmingham,West Midlands,1137100
Fine Young Cannibals,Birmingham,West Midlands,1137100
Rannoch,Birmingham,West Midlands,1137100
Bong,Newcastle,North East,879996
The Wildhearts,Newcastle,North East,879996
Energetic Krusher,Newcastle,North East,879996
Raven,Newcastle,North East,879996
Stateless,Leeds,West Yorkshire,789194
The Sisters of Mercy,Leeds,West Yorkshire,789194
Caskets,Leeds,West Yorkshire,789194
Pest Control,Leeds,West Yorkshire,789194
Lone Wolf,Leeds,West Yorkshire,789194
Hookworms,Leeds,West Yorkshire,789194
Red Lorry Yellow Lorry,Leeds,West Yorkshire,789194
Higher Power,Leeds,West Yorkshire,789194
iLiKETRAiNS,Leeds,West Yorkshire,789194
Send More Paramedics,Leeds,West Yorkshire,789194
The Mekons,Leeds,West Yorkshire,789194
Hood,Leeds,West Yorkshire,789194
Paul Marshall,Leeds,West Yorkshire,789194
Humanfly,Leeds,West Yorkshire,789194
Vessels,Leeds,West Yorkshire,789194
Pulled Apart By Horses,Leeds,West Yorkshire,789194
Dinosaur Pile-Up,Leeds,West Yorkshire,789194
Eagulls,Leeds,West Yorkshire,789194
Killing Me Softly,Leeds,West Yorkshire,789194
Kaiser Chiefs,Leeds,West Yorkshire,789194
Pale Saints,Leeds,West Yorkshire,789194
Adult Jazz,Leeds,West Yorkshire,789194
Jan Dukes de Grey,Leeds,West Yorkshire,789194
The Flex,Leeds,West Yorkshire,789194
Gang of Four,Leeds,West Yorkshire,789194
Black Moth,Leeds,West Yorkshire,789194
English Teacher,Leeds,West Yorkshire,789194
The Mission,Leeds,West Yorkshire,789194
The Wedding Present,Leeds,West Yorkshire,789194
Hawk Eyes,Leeds,West Yorkshire,789194
These Monsters,Leeds,West Yorkshire,789194
Static Dress,Leeds,West Yorkshire,789194
Grammatics,Leeds,West Yorkshire,789194
Yard Act,Leeds,West Yorkshire,789194
alt-J,Leeds,West Yorkshire,789194
Blacklisters,Leeds,West Yorkshire,789194
Dananananaykroyd,Glasgow,Alba / Scotland,633120
The Blue Nile,Glasgow,Alba / Scotland,633120
Travis,Glasgow,Alba / Scotland,633120
The Delgados,Glasgow,Alba / Scotland,633120
Bis,Glasgow,Alba / Scotland,633120
Falloch,Glasgow,Alba / Scotland,633120
Long Fin Killie,Glasgow,Alba / Scotland,633120
Admiral Fallow,Glasgow,Alba / Scotland,633120
Cerebral Bore,Glasgow,Alba / Scotland,633120
Sithu Aye,Glasgow,Alba / Scotland,633120
The Wake,Glasgow,Alba / Scotland,633120
Saor,Glasgow,Alba / Scotland,633120
Bleed from Within,Glasgow,Alba / Scotland,633120
Azriel,Glasgow,Alba / Scotland,633120
God Help The Girl,Glasgow,Alba / Scotland,633120
Man Must Die,Glasgow,Alba / Scotland,633120
The Vaselines,Glasgow,Alba / Scotland,633120
Primal Scream,Glasgow,Alba / Scotland,633120
Errors,Glasgow,Alba / Scotland,633120
Del Amitri,Glasgow,Alba / Scotland,633120
Belle and Sebastian,Glasgow,Alba / Scotland,633120
The Unwinding Hours,Glasgow,Alba / Scotland,633120
Twin Atlantic,Glasgow,Alba / Scotland,633120
Mogwai,Glasgow,Alba / Scotland,633120
Life Without Buildings,Glasgow,Alba / Scotland,633120
There Will Be Fireworks,Glasgow,Alba / Scotland,633120
Lloyd Cole and the Commotions,Glasgow,Alba / Scotland,633120
The Almighty,Glasgow,Alba / Scotland,633120
The Fratellis,Glasgow,Alba / Scotland,633120
The Cinematics,Glasgow,Alba / Scotland,633120
The Cosmic Dead,Glasgow,Alba / Scotland,633120
Lewis Capaldi,Glasgow,Alba / Scotland,633120
Paws,Glasgow,Alba / Scotland,633120
Franz Ferdinand,Glasgow,Alba / Scotland,633120
1990s,Glasgow,Alba / Scotland,633120
Departures,Glasgow,Alba / Scotland,633120
Camera Obscura,Glasgow,Alba / Scotland,633120
Simple Minds,Glasgow,Alba / Scotland,633120
The Pastels,Glasgow,Alba / Scotland,633120
Aereogramme,Glasgow,Alba / Scotland,633120
Profane,Manchester,Greater Manchester,547627
Axis of Light,Manchester,Greater Manchester,547627
Wode,Manchester,Greater Manchester,547627
Noel Gallagher's High Flying Birds,Manchester,Greater Manchester,547627
The Stone Roses,Manchester,Greater Manchester,547627
The Hollies,Manchester,Greater Manchester,547627
Beecher,Manchester,Greater Manchester,547627
The Smiths,Manchester,Greater Manchester,547627
Oceansize,Manchester,Greater Manchester,547627
Ingested,Manchester,Greater Manchester,547627
Winterfylleth,Manchester,Greater Manchester,547627
"Mandy, Indiana",Manchester,Greater Manchester,547627
Amplifier,Manchester,Greater Manchester,547627
Crywank,Manchester,Greater Manchester,547627
Magazine,Manchester,Greater Manchester,547627
Take That,Manchester,Greater Manchester,547627
Floating Points,Manchester,Greater Manchester,547627
Amorphous Androgynous,Manchester,Greater Manchester,547627
Leeched,Manchester,Greater Manchester,547627
Lamb,Manchester,Greater Manchester,547627
Sonic Boom Six,Manchester,Greater Manchester,547627
Electronic,Manchester,Greater Manchester,547627
Oasis,Manchester,Greater Manchester,547627
Everything Everything,Manchester,Greater Manchester,547627
Johnny Marr,Manchester,Greater Manchester,547627
Working For a Nuclear Free City,Manchester,Greater Manchester,547627
Money,Manchester,Greater Manchester,547627
Simply Red,Manchester,Greater Manchester,547627
Pale Waves,Manchester,Greater Manchester,547627
Delphic,Manchester,Greater Manchester,547627
British Theatre,Manchester,Greater Manchester,547627
I Am Kloot,Manchester,Greater Manchester,547627
Spires,Manchester,Greater Manchester,547627
WU LYF,Manchester,Greater Manchester,547627
Peter Hammill,Manchester,Greater Manchester,547627
Van der Graaf Generator,Manchester,Greater Manchester,547627
Pijn,Manchester,Greater Manchester,547627
Nine Black Alps,Manchester,Greater Manchester,547627
Liam Gallagher,Manchester,Greater Manchester,547627
Joe Cocker,Sheffield,South Yorkshire,518090
65daysofstatic,Sheffield,South Yorkshire,518090
Malevolence,Sheffield,South Yorkshire,518090
Bal-Sagoth,Sheffield,South Yorkshire,518090
Slow Club,Sheffield,South Yorkshire,518090
While She Sleeps,Sheffield,South Yorkshire,518090
Pulp,Sheffield,South Yorkshire,518090
Def Leppard,Sheffield,South Yorkshire,518090
Black Spiders,Sheffield,South Yorkshire,518090
Bring Me The Horizon,Sheffield,South Yorkshire,518090
Clock DVA,Sheffield,South Yorkshire,518090
The Comsat Angels,Sheffield,South Yorkshire,518090
The Last Shadow Puppets,Sheffield,South Yorkshire,518090
Regal Worm,Sheffield,South Yorkshire,518090
Nai Harvest,Sheffield,South Yorkshire,518090
Arctic Monkeys,Sheffield,South Yorkshire,518090
The Long Blondes,Sheffield,South Yorkshire,518090
Hidden Mothers,Sheffield,South Yorkshire,518090
Jarvis Cocker,Sheffield,South Yorkshire,518090
Carcass,Liverpool,Liverpool City Region,513441
The Beatles,Liverpool,Liverpool City Region,513441
Carcer City,Liverpool,Liverpool City Region,513441
A Flock of Seagulls,Liverpool,Liverpool City Region,513441
George Harrison,Liverpool,Liverpool City Region,513441
Space,Liverpool,Liverpool City Region,513441
Frankie Goes To Hollywood,Liverpool,Liverpool City Region,513441
Dawn Ray'd,Liverpool,Liverpool City Region,513441
John Lennon,Liverpool,Liverpool City Region,513441
Modern Eon,Liverpool,Liverpool City Region,513441
Echo and The Bunnymen,Liverpool,Liverpool City Region,513441
Antimatter,Liverpool,Liverpool City Region,513441
Blackstar,Liverpool,Liverpool City Region,513441
Ladytron,Liverpool,Liverpool City Region,513441
Conan,Liverpool,Liverpool City Region,513441
Cast,Liverpool,Liverpool City Region,513441
The La's,Liverpool,Liverpool City Region,513441
Wstr,Liverpool,Liverpool City Region,513441
Ringo Starr,Liverpool,Liverpool City Region,513441
Alpha Male Tea Party,Liverpool,Liverpool City Region,513441
Paul McCartney,Liverpool,Liverpool City Region,513441
We Came Out Like Tigers,Liverpool,Liverpool City Region,513441
Anathema,Liverpool,Liverpool City Region,513441
Loathe,Liverpool,Liverpool City Region,513441
Courting,Liverpool,Liverpool City Region,513441
Circa Waves,Liverpool,Liverpool City Region,513441
The Dead 60s,Liverpool,Liverpool City Region,513441
The Teardrop Explodes,Liverpool,Liverpool City Region,513441
Dragged Into Sunlight,Liverpool,Liverpool City Region,513441
The Wombats,Liverpool,Liverpool City Region,513441
KT Tunstall,Edinburgh,City of Edinburgh,488050
Frontierer,Edinburgh,City of Edinburgh,488050
The Rezillos,Edinburgh,City of Edinburgh,488050
Sectioned,Edinburgh,City of Edinburgh,488050
The Incredible String Band,Edinburgh,City of Edinburgh,488050
Holocaust,Edinburgh,City of Edinburgh,488050
Edwyn Collins,Edinburgh,City of Edinburgh,488050
Dog Faced Hermans,Edinburgh,City of Edinburgh,488050
Idlewild,Edinburgh,City of Edinburgh,488050
Meursault,Edinburgh,City of Edinburgh,488050
Josef K,Edinburgh,City of Edinburgh,488050
The Exploited,Edinburgh,City of Edinburgh,488050
North Atlantic Oscillation,Edinburgh,City of Edinburgh,488050
Dvne,Edinburgh,City of Edinburgh,488050
Bert Jansch,Edinburgh,City of Edinburgh,488050
Midas Fall,Edinburgh,City of Edinburgh,488050
Flying Saucer Attack,Bristol,West of England,463400
Turbowolf,Bristol,West of England,463400
Jaguar,Bristol,West of England,463400
Fuck Buttons,Bristol,West of England,463400
Kosheen,Bristol,West of England,463400
Mark Stewart And The Maffia,Bristol,West of England,463400
Basilisk,Bristol,West of England,463400
Gravenhurst,Bristol,West of England,463400
Cryptworm,Bristol,West of England,463400
Onslaught,Bristol,West of England,463400
The Sundays,Bristol,West of England,463400
Sugar Horse,Bristol,West of England,463400
Rip Rig and Panic,Bristol,West of England,463400
Tricky,Bristol,West of England,463400
IDLES,Bristol,West of England,463400
Svalbard,Bristol,West of England,463400
East of Eden,Bristol,West of England,463400
Evita,Bristol,West of England,463400
Portishead,Bristol,West of England,463400
Yola,Bristol,West of England,463400
The Pop Group,Bristol,West of England,463400
Noctule,Bristol,West of England,463400
Secret Shine,Bristol,West of England,463400
Phoxjaw,Bristol,West of England,463400
Crippled Black Phoenix,Bristol,West of England,463400
Abyssal,Bristol,West of England,463400
The Enemy,Coventry,West Midlands,362690
Bolt Thrower,Coventry,West Midlands,362690
The Specials,Coventry,West Midlands,362690
Adorable,Coventry,West Midlands,362690
Cathedral,Coventry,West Midlands,362690
Sika Redem,Coventry,West Midlands,362690
The Primitives,Coventry,West Midlands,362690
Shaped By Fate,Caerdydd,Cymru / Wales,361469
Fruupp,Belfast,County Antrim,333871
Van Morrison,Belfast,County Antrim,333871
Stiff Little Fingers,Belfast,County Antrim,333871
Darkest Era,Belfast,County Antrim,333871
And So I Watch You From Afar,Belfast,County Antrim,333871
Gary Moore,Belfast,County Antrim,333871
Family,Leicester,England,329839
Maybeshewill,Leicester,England,329839
Spring,Leicester,England,329839
Prolapse,Leicester,England,329839
Black Widow,Leicester,England,329839
Blitzkrieg,Leicester,England,329839
Cornershop,Leicester,England,329839
Kasabian,Leicester,England,329839
Church of the Cosmic Skull,Nottingham,East Midlands,321500
Teeth of Lions Rule the Divine,Nottingham,East Midlands,321500
Sleaford Mods,Nottingham,East Midlands,321500
Heresy,Nottingham,East Midlands,321500
Pitchshifter,Nottingham,East Midlands,321500
Hell,Nottingham,East Midlands,321500
Desecrator,Nottingham,East Midlands,321500
Heck,Nottingham,East Midlands,321500
All the Empires of the World,Nottingham,East Midlands,321500
Tindersticks,Nottingham,East Midlands,321500
Jake Bugg,Nottingham,East Midlands,321500
Fudge Tunnel,Nottingham,East Midlands,321500
London Grammar,Nottingham,East Midlands,321500
You Slut!,Nottingham,East Midlands,321500
Amusement Parks On Fire,Nottingham,East Midlands,321500
Iron Monkey,Nottingham,East Midlands,321500
Palm Reader,Nottingham,East Midlands,321500
Sabbat,Nottingham,East Midlands,321500
Ten Years After,Nottingham,East Midlands,321500
Area 11,Nottingham,East Midlands,321500
earthtone9,Nottingham,East Midlands,321500
Panchiko,Nottingham,East Midlands,321500
Howards Alias,Southampton,Southampton,269781
Creeper,Southampton,Southampton,269781
Dead!,Southampton,Southampton,269781
IQ,Southampton,Southampton,269781
Band of Skulls,Southampton,Southampton,269781
Aqualung,Southampton,Southampton,269781
Power Quest,Southampton,Southampton,269781
Our Time Down Here,Southampton,Southampton,269781
Delays,Southampton,Southampton,269781
Desolated,Southampton,Southampton,269781
"Our Hollow, Our Home",Southampton,Southampton,269781
Bury Tomorrow,Southampton,Southampton,269781
Moss,Southampton,Southampton,269781
Crazy Arm,Plymouth,Devon,267918
Helpless,Plymouth,Devon,267918
Mastiff,Kingston upon Hull,England,260200
Throbbing Gristle,Kingston upon Hull,England,260200
Infant Annihilator,Kingston upon Hull,England,260200
Cloven Hoof,Wolverhampton,West Midlands,250970
Babylon Zoo,Wolverhampton,West Midlands,250970
God Damn,Wolverhampton,West Midlands,250970
Slade,Wolverhampton,West Midlands,250970
Scott Matthews,Wolverhampton,West Midlands,250970
Discharge,Stoke-on-Trent,Stoke-on-Trent,249008
Robbie Williams,Stoke-on-Trent,Stoke-on-Trent,249008
Broken Bones,Stoke-on-Trent,Stoke-on-Trent,249008
Crash of Rhinos,Derby,East Midlands,248700
LostAlone,Derby,East Midlands,248700
The Little Explorer,Derby,East Midlands,248700
The Struts,Derby,East Midlands,248700
The Beyond,Derby,East Midlands,248700
Holding Patterns,Derby,East Midlands,248700
Abduction,Derby,East Midlands,248700
Warpath,Abertawe,Cymru / Wales,245508
Acres,Portsmouth,Portsmouth,238800
Cranes,Portsmouth,Portsmouth,238800
Bloodshot Dawn,Portsmouth,Portsmouth,238800
Exit Ten,Reading,Oxfordshire,230046
Sundara Karma,Reading,Oxfordshire,230046
Renounced,Reading,Oxfordshire,230046
Ben Marwood,Reading,Oxfordshire,230046
Viatrophy,Reading,Oxfordshire,230046
The Arusha Accord,Reading,Oxfordshire,230046
Slowdive,Reading,Oxfordshire,230046
Sylosis,Reading,Oxfordshire,230046
Malefice,Reading,Oxfordshire,230046
Chapterhouse,Reading,Oxfordshire,230046
Cyclamen,Reading,Oxfordshire,230046
Mike Oldfield,Reading,Oxfordshire,230046
Sea Power,Reading,Oxfordshire,230046
UK Decay,Luton,Luton,213052
Hacktivist,Milton Keynes,City of Milton Keynes,207057
Fellsilent,Milton Keynes,City of Milton Keynes,207057
Capdown,Milton Keynes,City of Milton Keynes,207057
TesseracT,Milton Keynes,City of Milton Keynes,207057
Heart of a Coward,Milton Keynes,City of Milton Keynes,207057
Spandau Ballet,Islington,England,206125
The Boy Will Drown,Norwich,Norfolk,195971
Beth Orton,Norwich,Norfolk,195971
Maths,Norwich,Norfolk,195971
Cassus,Norwich,Norfolk,195971
Heriot,Swindon,Wiltshire,192599
Eternal Lord,Swindon,Wiltshire,192599
XTC,Swindon,Wiltshire,192599
The Dukes Of Stratosphear,Swindon,Wiltshire,192599
The Cold Harbour,Swindon,Wiltshire,192599
Lyrinx,Swindon,Wiltshire,192599
Decomposed,Croydon,England,192064
Jade Bird,Croydon,England,192064
Loop,Croydon,England,192064
Depeche Mode,Basildon,Essex,185900
Big Big Train,Bournemouth,England,183491
Heart in Hand,Bournemouth,England,183491
"Giles, Giles and Fripp",Bournemouth,England,183491
Air Traffic,Bournemouth,England,183491
Basement,Ipswich,Suffolk,180000
The Future Kings of England,Ipswich,Suffolk,180000
The Adicts,Ipswich,Suffolk,180000
Extreme Noise Terror,Ipswich,Suffolk,180000
Wodensthrone,Sunderland,North East,174286
Leatherface,Sunderland,North East,174286
The Futureheads,Sunderland,North East,174286
Nexilva,Sunderland,North East,174286
Lebanon Hanover,Sunderland,North East,174286
Battleaxe,Sunderland,North East,174286
Field Music,Sunderland,North East,174286
Ian Brown,Warrington,Warrington,165456
Starsailor,Warrington,Warrington,165456
Memories Of Machines,Warrington,Warrington,165456
Tim Bowness,Warrington,Warrington,165456
Sore Throat,Huddersfield,England,162949
Embrace (UK),Huddersfield,England,162949
Evile,Huddersfield,England,162949
Glamour of the Kill,York,York and North Yorkshire,153717
Shed Seven,York,York and North Yorkshire,153717
The Seahorses,York,York and North Yorkshire,153717
Deitus,York,York and North Yorkshire,153717
Elliot Minor,York,York and North Yorkshire,153717
Mostly Autumn,York,York and North Yorkshire,153717
Asking Alexandria,York,York and North Yorkshire,153717
Benjamin Francis Leftwich,York,York and North Yorkshire,153717
Swervedriver,Oxford,Oxfordshire,152000
Heavenly,Oxford,Oxfordshire,152000
Ride,Oxford,Oxfordshire,152000
Supergrass,Oxford,Oxfordshire,152000
Youthmovies,Oxford,Oxfordshire,152000
Glass Animals,Oxford,Oxfordshire,152000
A Silent Film,Oxford,Oxfordshire,152000
Stornoway,Oxford,Oxfordshire,152000
Foals,Oxford,Oxfordshire,152000
Ian Dury,Harrow,Greater London,149246
Kate Nash,Harrow,Greater London,149246
Snow Patrol,Dundee,Alba / Scotland,148270
The Associates,Dundee,Alba / Scotland,148270
Kaddish,Dundee,Alba / Scotland,148270
The View,Dundee,Alba / Scotland,148270
DARTZ!,Middlesbrough,Tees Valley,140545
Chris Rea,Middlesbrough,Tees Valley,140545
Jon Gomm,Blackpool,England,139305
Boston Manor,Blackpool,England,139305
Jethro Tull,Blackpool,England,139305
Ian Anderson,Blackpool,England,139305
Me vs Hero,Blackpool,England,139305
Blanket,Blackpool,England,139305
King Goat,Brighton,England,134293
The Physics House Band,Brighton,England,134293
The Eighties Matchbox B-Line Disaster,Brighton,England,134293
Earth Moves,Brighton,England,134293
Passenger,Brighton,England,134293
Necrosanct,Brighton,England,134293
As Living Arrows,Brighton,England,134293
The Go! Team,Brighton,England,134293
Toska,Brighton,England,134293
Chalk Hands,Brighton,England,134293
Toy,Brighton,England,134293
Dead Swans,Brighton,England,134293
Johnny Truant,Brighton,England,134293
Squid,Brighton,England,134293
Dream Wife,Brighton,England,134293
Tigercub,Brighton,England,134293
Ditz,Brighton,England,134293
The Mire,Brighton,England,134293
Blood Red Shoes,Brighton,England,134293
Fall of Efrafa,Brighton,England,134293
Esben and the Witch,Brighton,England,134293
The Levellers,Brighton,England,134293
I Feel Fine,Brighton,England,134293
The Kooks,Brighton,England,134293
As It Is,Brighton,England,134293
Fujiya and Miyagi,Brighton,England,134293
Hydra Vein,Brighton,England,134293
Deathwish,Brighton,England,134293
Electrelane,Brighton,England,134293
Black Peaks,Brighton,England,134293
We Never Learned To Live,Brighton,England,134293
Porridge Radio,Brighton,England,134293
Gnarwolves,Brighton,England,134293
Fear of Men,Brighton,England,134293
The Pipettes,Brighton,England,134293
Diagonal,Brighton,England,134293
Architects,Brighton,England,134293
The Ghost of a Thousand,Brighton,England,134293
Delta Sleep,Brighton,England,134293
Declan McKenna,Enfield,England,132640
Mark Hollis,Tottenham,England,129237
Badly Drawn Boy,Bolton,Greater Manchester,128139
Cherry Ghost,Bolton,Greater Manchester,128139
Buzzcocks,Bolton,Greater Manchester,128139
Dub War,Newport,Newport,128060
Save Your Breath,Newport,Newport,128060
Skindred,Newport,Newport,128060
Feeder,Newport,Newport,128060
Beth Gibbons,Exeter,Devon,124180
Napoleon,Exeter,Devon,124180
Black Foxxes,Exeter,Devon,124180
The Computers,Exeter,Devon,124180
Clare Maguire,Solihull,West Midlands,123187
Imogen Heap,Romford,England,122854
Xentrix,Preston,Lancashire,122719
Young Guns,High Wycombe,Buckinghamshire,120256
Crooks,Cheltenham,Gloucestershire,116447
Graham Coxon,Colchester,Essex,111921
Modern English,Colchester,Essex,111921
Telepathy,Colchester,Essex,111921
Squarepusher,Chelmsford,Essex,111511
Guthrie Govan,Chelmsford,Essex,111511
YUNGBLUD,Doncaster,South Yorkshire,109805
John McLaughlin,Doncaster,South Yorkshire,109805
The Bevis Frond,Walthamstow,England,109424
Royal Blood,Worthing,West Sussex,109120
The Ordinary Boys,Worthing,West Sussex,109120
Steamhammer,Worthing,West Sussex,109120
England,Maidstone,Kent,107627
Xerath,Basingstoke,England,107355
Canterbury,Basingstoke,England,107355
The Cure,Crawley,West Sussex,106597
10cc,Stockport,Greater Manchester,105878
Bad Lieutenant,Salford,Greater Manchester,103886
New Order,Salford,Greater Manchester,103886
Happy Mondays,Salford,Greater Manchester,103886
Black Grape,Salford,Greater Manchester,103886
The Ting Tings,Salford,Greater Manchester,103886
Graham Nash,Salford,Greater Manchester,103886
Joy Division,Salford,Greater Manchester,103886
Richard Ashcroft,Wigan,Greater Manchester,103608
Boss Keloid,Wigan,Greater Manchester,103608
The Verve,Wigan,Greater Manchester,103608
Dr. John,Hounslow,England,103337
Dodgy,Hounslow,England,103337
ROAM,Eastbourne,East Sussex,101547
The James Cleaver Quintet,Eastbourne,East Sussex,101547
Dividing the Line,Worcester,Worcestershire,101328
Blanck Mass,Worcester,Worcestershire,101328
Peace,Worcester,Worcestershire,101328
The Cribs,Wakefield,West Yorkshire,99251
The Haxan Cloak,Wakefield,West Yorkshire,99251
Martyr Defiled,Lincoln,Lincolnshire,97541
Luna's Call,Lincoln,Lincolnshire,97541
Climates,Lincoln,Lincolnshire,97541
Inspiral Carpets,Oldham,Greater Manchester,96555
Barclay James Harvest,Oldham,Greater Manchester,96555
Storm Corrosion,Hemel Hempstead,England,94932
Blackfield,Hemel Hempstead,England,94932
Frank Carter and the Rattlesnakes,Hemel Hempstead,England,94932
Porcupine Tree,Hemel Hempstead,England,94932
Steven Wilson,Hemel Hempstead,England,94932
Blackhole,Hemel Hempstead,England,94932
Dead Hearts,Hemel Hempstead,England,94932
No-Man,Hemel Hempstead,England,94932
Wolf People,Bedford,England,92407
Don Broco,Bedford,England,92407
The Danse Society,Barnsley,South Yorkshire,91297
Saxon,Barnsley,South Yorkshire,91297
Gomez,Southport,England,90381
SikTh,Watford,Hertfordshire,90301
Cry For Silence,Watford,Hertfordshire,90301
The Hell,Watford,Hertfordshire,90301
Lower Than Atlantis,Watford,Hertfordshire,90301
Gallows,Watford,Hertfordshire,90301
Lost in the Riots,Watford,Hertfordshire,90301
Nervus,Watford,Hertfordshire,90301
Sexwitch,Wembley,England,90045
More Than Life,Bath,West of England,88859
The Heavy,Bath,West of England,88859
Ignominious Incarceration,Bath,West of England,88859
Tears for Fears,Bath,West of England,88859
White Spirit,Hartlepool,England,88855
Sneaker Pimps,Hartlepool,England,88855
Half Man Half Biscuit,Birkenhead,England,88818
Demoraliser,Grimsby,England,88243
Ed Sheeran,Halifax,England,88134
Wot Gorilla?,Halifax,England,88134
Paradise Lost,Halifax,England,88134
Vallenfyre,Halifax,England,88134
Eyeless In Gaza,Nuneaton,England,86552
Jetplane Landing,Derry,Northern Ireland / Tuaisceart Éireann,85016
The Undertones,Derry,Northern Ireland / Tuaisceart Éireann,85016
Fighting With Wire,Derry,Northern Ireland / Tuaisceart Éireann,85016
July,Ealing,England,85014
The Magic Numbers,Ealing,England,85014
White Lies,Ealing,England,85014
Her Words Kill,Saint Albans,Hertfordshire,82146
Mansun,Chester,England,79645
Head of David,Dudley,West Midlands,79379
Elbow,Bury,Greater Manchester,78723
Tin Machine,Brixton,England,78536
Sex Gang Children,Brixton,England,78536
Younger Brother,Brixton,England,78536
Savage,Mansfield,East Midlands,77551
Momus,Paisley,Alba / Scotland,77220
Paolo Nutini,Paisley,Alba / Scotland,77220
Gerry Rafferty,Paisley,Alba / Scotland,77220
Stealers Wheel,Paisley,Alba / Scotland,77220
The Vapors,Guildford,Surrey,77057
Binah,Guildford,Surrey,77057
The Stranglers,Guildford,Surrey,77057
Camel,Guildford,Surrey,77057
No Consequence,Guildford,Surrey,77057
Polar.,Guildford,Surrey,77057
Angelic Upstarts,South Shields,England,75337
Art,Carlisle,Cumberland,75306
Rose Kemp,Carlisle,Cumberland,75306
The Jesus and Mary Chain,East Kilbride,Alba / Scotland,75120
Aztec Camera,East Kilbride,Alba / Scotland,75120
Acid Reign,Harrogate,England,73576
Blood Youth,Harrogate,England,73576
Chumbawamba,Burnley,Lancashire,73021
The Telescopes,Burton upon Trent,England,72299
Joe Jackson,Burton upon Trent,England,72299
Max Raptor,Burton upon Trent,England,72299
Duke Special,Lisburn,Northern Ireland / Tuaisceart Éireann,71465
Annotations Of An Autopsy,Lowestoft,Suffolk,70945
The Darkness,Lowestoft,Suffolk,70945
Spacemen 3,Rugby,Warwickshire,70627
Spiritualized,Rugby,Warwickshire,70627
Mithras,Rugby,Warwickshire,70627
Conjurer,Rugby,Warwickshire,70627
James Morrison,Rugby,Warwickshire,70627
Jamie T,Wimbledon,England,68187
The Buggles,Wimbledon,England,68187
Nature and Organisation,Walsall,West Midlands,67594
Bossk,Ashford,Kent,67528
yourcodenameis:milo,Washington,England,67085
Bryan Ferry,Washington,England,67085
Steve Hillage,Chingford,Greater London,66211
Wishbone Ash,Torquay,England,65245
Freddie Mercury,Feltham,England,63368
Ned's Atomic Dustbin,Stourbridge,England,63298
Pop Will Eat Itself,Stourbridge,England,63298
Witchfinder General,Stourbridge,England,63298
Diamond Head,Stourbridge,England,63298
Feed The Rhino,Rochester,Kent,62982
The Jam,Woking,Surrey,62796
Paul Weller,Woking,Surrey,62796
This Mortal Coil,Wandsworth,England,61594
The xx,Wandsworth,England,61594
James Durbin,Widnes,Liverpool City Region,61464
Two Door Cinema Club,Bangor,Northern Ireland / Tuaisceart Éireann,61011
The Boo Radleys,Wallasey,England,60284
Billy Bragg,Barking,England,59068
Martin Grech,Aylesbury,Buckinghamshire,58740
Marillion,Aylesbury,Buckinghamshire,58740
Robert Plant and the Strange Sensation,Halesowen,England,58135
Seventh Angel,Halesowen,England,58135
Robert Plant,Halesowen,England,58135
The Hurt Process,Royal Tunbridge Wells,England,57772
Temples,Kettering,North Northamptonshire,56226
Mott The Hoople,Hereford,Herefordshire,55955
Ellie Goulding,Hereford,Herefordshire,55955
The Pretenders,Hereford,Herefordshire,55955
Talons,Hereford,Herefordshire,55955
Raging Speedhorn,Corby,North Northamptonshire,54927
Viking Skull,Corby,North Northamptonshire,54927
Third Ear Band,Canterbury,Kent,54880
Caravan,Canterbury,Kent,54880
Hatfield And The North,Canterbury,Kent,54880
Quiet Sun,Canterbury,Kent,54880
Soft Machine,Canterbury,Kent,54880
Matching Mole,Canterbury,Kent,54880
Moose Blood,Canterbury,Kent,54880
Spirogyra,Canterbury,Kent,54880
National Health,Canterbury,Kent,54880
Terrorvision,Keighley,West Yorkshire,53331
Random Hand,Keighley,West Yorkshire,53331
Big Country,Dunfermline,Fife,53100
Nazareth,Dunfermline,Fife,53100
Snuff,Hendon,England,52972
InMe,Brentwood,Essex,52586
Wytch Hazel,Lancaster,Lancashire,52234
John Mayall,Macclesfield,Cheshire East,51482
The Feeling,Horsham,West Sussex,50934
Dyscarnate,Horsham,West Sussex,50934
Paul Banks,Clacton-on-Sea,England,50548
Clinic,Crosby,England,50044
Robert Palmer,Batley,England,49448
Thom Yorke,Wellingborough,England,49128
Peter Murphy,Wellingborough,England,49128
Conflict,Eltham,England,48964
Good Shoes,Morden,England,48233
ONSIND,Durham,North East,48069
Peter Frampton,Beckenham,England,46844
David Sylvian,Beckenham,England,46844
The Cooper Temple Clause,Wokingham,Berkshire,46745
Jairus,Folkestone,Kent,46698
The Subways,Welwyn Garden City,England,46619
Heights,Welwyn Garden City,England,46619
Sucioperro,Ayr,Alba / Scotland,46490
Biffy Clyro,Kilmarnock,Alba / Scotland,46450
Garganjua,Hinckley,England,45249
The Pineapple Thief,Yeovil,Somerset,45000
Robin Trower,Catford,England,44905
Japan,Catford,England,44905
Sting,Wallsend,England,43826
Arcane Roots,Kingston upon Thames,England,43013
Cardiacs,Kingston upon Thames,England,43013
Tubelord,Kingston upon Thames,England,43013
The Courteeners,Middleton,England,42972
The Chameleons,Middleton,England,42972
Yashin,Greenock,Alba / Scotland,41990
Bruce Dickinson,Worksop,England,41820
China Crisis,Kirkby,Liverpool City Region,40472
Jerusalem,Salisbury,Wiltshire,40302
Tokyo Blade,Salisbury,Wiltshire,40302
Colin Blunstone,Hatfield,Hertfordshire,39201
Babe Ruth,Hatfield,Hertfordshire,39201
Catherine Wheel,Great Yarmouth,Norfolk,38693
Kevin Ayers,Herne Bay,Kent,38385
Lucy Rose,Camberley,England,38038
Jamie Lenman,Camberley,England,38038
Reuben,Camberley,England,38038
Mark Knopfler,Blyth,North East,37339
Tygers Of Pan Tang,Whitley Bay,England,36623
Flood of Red,Airdrie,Alba / Scotland,36620
Infant Sorrow,Grays,England,36601
Jon Anderson,Accrington,England,35456
Arab Strap,Falkirk,Alba / Scotland,35168
Bill Wells and Aidan Moffat,Falkirk,Alba / Scotland,35168
White Noise,Billingham,Tees Valley,35165
John Foxx,Chorley,Lancashire,34667
English Dogs,Grantham,Lincolnshire,34592
Sam Fender,North Shields,England,34423
Roddy Woomble,Irvine,Alba / Scotland,33698
What The Blood Revealed,Irvine,Alba / Scotland,33698
Radiohead,Abingdon,England,33130
No Devotion,Pontypridd,Rhondda Cynon Taf,32694
Lostprophets,Pontypridd,Rhondda Cynon Taf,32694
Pendragon,Stroud,Gloucestershire,32670
Republica,Windsor,England,32184
Ethereal Shroud,Ryde,Isle of Wight,32072
Kate Bush,Bexleyheath,England,31929
The Fall,Prestwich,England,31693
Elton John,Pinner,England,31130
We Are The Ocean,Loughton,Essex,31106
Mike and the Mechanics,Dover,Kent,31022
Joss Stone,Dover,Kent,31022
Bruford,Sevenoaks,Kent,29506
Glenn Hughes,Cannock,England,29018
Trapeze,Cannock,England,29018
Wild Beasts,Kendal,Westmorland and Furness,28586
Orange Juice,Bearsden,Alba / Scotland,28120
Forever Never,Billericay,Essex,27998
Bossk,Ashford,Kent,27382
Flies Are Spies From Hell,Chichester,West Sussex,26795
Smoke Fairies,Chichester,West Sussex,26795
Tom Odell,Chichester,West Sussex,26795
Hope Of The States,Chichester,West Sussex,26795
George Ezra,Hertford,Hertfordshire,26783
Rainbow,Hertford,Hertfordshire,26783
Right Said Fred,East Grinstead,West Sussex,26383
One Way System,Fleetwood,Lancashire,25939
Wham!,Bushey,England,25763
Doves,Wilmslow,Cheshire East,24497
The 1975,Wilmslow,Cheshire East,24497
Sad Lovers and Giants,Rickmansworth,England,23973
Save Your Breath,Newport,Newport,23957
Feeder,Newport,Newport,23957
Skindred,Newport,Newport,23957
Dub War,Newport,Newport,23957
Billy Idol,Stanmore,England,23700
Dutch Uncles,Marple,England,23687
Amy Macdonald,Bishopbriggs,Alba / Scotland,23540
Jem,Penarth,Vale of Glamorgan,22083
Newton Faulkner,Reigate,England,21820
Genesis,Godalming,Surrey,21804
Tall Ships,Falmouth,Cornwall,21797
Thirteen Senses,Penzance,Cornwall,21200
Jeff Beck,Wallington,England,20850
Eric Clapton,Ripley,Surrey,20807
Blind Faith,Ripley,Surrey,20807
Fischer-Z,Sandhurst,Berkshire,20803
Demon,Leek,Staffordshire,20768
Catfish and the Bottlemen,Llandudno,Cymru / Wales,20701
Mendeed,Dumbarton,Alba / Scotland,20527
The Pigeon Detectives,Rothwell,England,20354
Wunderhorse,Newquay,Cornwall,20342
Teenage Fanclub,Bellshill,Alba / Scotland,20290
Tom Vek,Davyhulme,England,19634
Morrissey,Davyhulme,England,19634
Hard-Fi,Staines-upon-Thames,Surrey,18484
22-20s,Sleaford,Lincolnshire,17671
Humble Pie,Moreton,Essex,17670
Yellow Days,Haslemere,Surrey,16826
Babe Ruth,Hatfield,Hertfordshire,16776
Colin Blunstone,Hatfield,Hertfordshire,16776
Cocteau Twins,Grangemouth,Alba / Scotland,16650
Lowlife,Grangemouth,Alba / Scotland,16650
Two Door Cinema Club,Bangor,Northern Ireland / Tuaisceart Éireann,16358
George Michael,East Finchley,England,15989
Mike Rutherford,Chertsey,Surrey,15967
Marmozets,Bingley,West Yorkshire,15925
Birdy,Lymington,England,15726
People In Planes,Porthcawl,Cymru / Wales,15640
The Elijah,Oswestry,England,15613
You Me At Six,Weybridge,Surrey,15449
Rick Wakeman,Perivale,England,15339
James Dean Bradfield,Tredegar,Cymru / Wales,15103
Anterior,Tredegar,Cymru / Wales,15103
Muse,Teignmouth,Devon,14749
David Thomas Broughton,Otley,West Yorkshire,13668
Secondsmile,Bridport,Dorset,13569
PJ Harvey,Bridport,Dorset,13569
Arthur Brown's Kingdom Come,Whitby,York and North Yorkshire,13213
Sham 69,Hersham,England,12414
Blitz,New Mills,East Midlands,12291
Novo Amor,Aberystwyth,Cymru / Wales,12250
KK's Priest,Bridgnorth,England,12079
Dean Blunt,Hackney,England,11734
Save Your Breath,Newport,Newport,11387
Skindred,Newport,Newport,11387
Feeder,Newport,Newport,11387
Dub War,Newport,Newport,11387
Crass,Epping,Essex,11047
Dave Gahan,Epping,Essex,11047
Mark Fry,Epping,Essex,11047
Amebix,Tavistock,Devon,11018
Rod Stewart,Highgate,England,10955
A Certain Ratio,Flixton,England,10786
Richard Wright,Hatch End,England,10693
Jesu,Abergele,Cymru / Wales,10577
Drenge,Castleton,East Midlands,10159
Fearless Vampire Killers,Beccles,Suffolk,10123
The Joy Formidable,Mold,Cymru / Wales,10058
Steve Winwood,Handsworth,England,9957
Rolo Tomassi,Stocksbridge,South Yorkshire,9869
The Twilight Sad,Kilsyth,Alba / Scotland,9860
The Music,Kippax,West Yorkshire,9785
Palma Violets,Lambeth,England,9675
The Nefilim,Lambeth,England,9675
Saracen,Matlock,England,9543
Jesus Jones,Bradford-on-Avon,Wiltshire,9402
asbestoscape,Bude,England,9222
Penetration,Ferryhill,England,8942
Reef,Glastonbury,Somerset,8932
Bonnie Tyler,Skewen,Cymru / Wales,8500
Manic Street Preachers,Blackwood,Caerphilly,8496
Nicky Wire,Blackwood,Caerphilly,8496
EMF,Cinderford,Gloucestershire,8494
It Bites,Egremont,Cumberland,8194
Metronomy,Totnes,Devon,8076
Charlie Simpson,Woodbridge,Suffolk,7749
The Enid,Tenterden,Kent,7735
The Pigeon Detectives,Rothwell,England,7694
Chris Squire,Kingsbury,England,7652
Polly Scattergood,Wivenhoe,Essex,7637
Peter Gabriel,Chobham,Surrey,7456
Gracious,Esher,Surrey,6743
Keane,Battle,East Sussex,6673
Molly,Anstey,Leicestershire,6528
Robert Fripp,Wimborne Minster,Dorset,6418
The Bees,Ventnor,Isle of Wight,5976
David Coverdale,Saltburn-by-the-Sea,England,5958
Owl John,Selkirk,Alba / Scotland,5784
Mastersystem,Selkirk,Alba / Scotland,5784
Frightened Rabbit,Selkirk,Alba / Scotland,5784
The Coral,Hoylake,England,5710
Harry Styles,Holmes Chapel,Cheshire East,5605
Roger Waters,Great Bookham,England,5596
Marina,Brynmawr,Cymru / Wales,5530
Joe Meek,Newent,Gloucestershire,5207
Melanie C,Whiston,Liverpool City Region,5042
Ozzy Osbourne,Marston Green,England,5000
Unseen Terror,Broseley,England,4929
Gruff Rhys,Bethesda,Cymru / Wales,4735
The Automatic,Cowbridge,Cymru / Wales,4063
Brian Eno,Melton,Suffolk,3741
Felt,Water Orton,England,3444
Bastions,Menai Bridge,Cymru / Wales,3376
Natasha Bedingfield,Cuckfield,West Sussex,3266
Xentrix,Preston,Lancashire,3258
The Fireman,Icklesham,East Sussex,2751
Blood From The Soul,Meriden,West Midlands,2719
Napalm Death,Meriden,West Midlands,2719
Cancer,Ironbridge,Shropshire,2582
